Artista,Popolarita_artista,Follower_Artista,Url_Artista,Numero_di_apparizioni,Numero_ascoltatori_mensili,Nome_Instagram
(G)I-DLE,73,3132872,https://open.spotify.com/artist/2AfmfGFbe0A0WsTYm0SDTx,19,"4.122.783 ascoltatori mensili",official_g_i_dle
$uicideboy$,87,4106674,https://open.spotify.com/artist/1VPmR4DJC1PlOtd0IADAO0,7,"8.998.524 ascoltatori mensili",suicideboysg59x
"2 Chainz",82,6863252,https://open.spotify.com/artist/17lzZA2AlOHwCwFALHttmp,17,"11.813.149 ascoltatori mensili",2chainz
"21 Savage",89,10668018,https://open.spotify.com/artist/1URnnhqYAYcrqrcwql10ft,9,"25.298.257 ascoltatori mensili",21savage
2Pac,82,11948296,https://open.spotify.com/artist/1ZwdS5xdxEREPySFridCfh,62,"14.814.138 ascoltatori mensili",2pac
"3 Doors Down",73,3536409,https://open.spotify.com/artist/2RTUTCvo6onsAnheUk3aL9,18,"7.841.516 ascoltatori mensili",3doorsdown
"5 Seconds of Summer",82,8200345,https://open.spotify.com/artist/5Rl15oVamLq7FbSb0NNBNy,37,"18.532.584 ascoltatori mensili",5sos
"50 Cent",85,8310259,https://open.spotify.com/artist/3q7HBObVc0L8jNeTe5Gofh,36,"19.710.069 ascoltatori mensili",50cent
6ix9ine,76,6655232,https://open.spotify.com/artist/7gZfnEnfiaHzxARJ2LeXrf,1,"8.506.549 ascoltatori mensili",6ix9ine
6LACK,81,3321039,https://open.spotify.com/artist/4IVAbR2w4JJNJDDRFP3E83,6,"18.309.927 ascoltatori mensili",6lack
"A Boogie Wit da Hoodie",86,6225861,https://open.spotify.com/artist/31W5EY0aAly4Qieq6OFu6I,14,"16.836.722 ascoltatori mensili",aboogievsartist
"A.R. Rahman",80,17272959,https://open.spotify.com/artist/1mYsTxnqsietFxj1OgoGbG,9,"13.791.271 ascoltatori mensili",rahman.beats
"A$AP Ferg",77,3215852,https://open.spotify.com/artist/5dHt1vcEm9qb8fCyLcB3HL,20,"11.077.199 ascoltatori mensili",asapferg
"A$AP Rocky",85,10501974,https://open.spotify.com/artist/13ubrt8QOOCPljQ2FL1Kca,26,"20.677.815 ascoltatori mensili",asaprocky
Aaliyah,71,3048127,https://open.spotify.com/artist/0urTpYCsixqZwgNTkPJOJ4,18,"5.809.323 ascoltatori mensili",aaliyah
ABBA,83,7314118,https://open.spotify.com/artist/0LcJLqbBmaGUft1e9Mm8HV,50,"20.545.962 ascoltatori mensili",abba
AC/DC,84,22039385,https://open.spotify.com/artist/711MCceyCBcFnzjGY4Q7Un,66,"22.280.879 ascoltatori mensili",acdc
Adele,94,33183215,https://open.spotify.com/artist/4dpARuHxo51G3z768sgnrY,272,"60.306.009 ascoltatori mensili",adele
Aerosmith,78,11514138,https://open.spotify.com/artist/7Ey4PD4MYsKc5I2dolUwbH,66,"15.587.527 ascoltatori mensili",aerosmith
Afrojack,77,3792874,https://open.spotify.com/artist/4D75GcNG95ebPtNvoNVXhz,21,"9.328.924 ascoltatori mensili",afrojack
"Agust D",71,7200387,https://open.spotify.com/artist/5RmQ8k4l3HZ8JoPb4mNsML,3,"2.930.060 ascoltatori mensili",agustd
Aimyon,71,3534898,https://open.spotify.com/artist/5kVZa4lFUmAQlBogl1fkd6,2,"2.387.539 ascoltatori mensili",aimyon36
Akon,83,3011147,https://open.spotify.com/artist/0z4gvV4rjIZ9wHck67ucSV,17,"15.619.639 ascoltatori mensili",akon
"Alan Walker",85,32290954,https://open.spotify.com/artist/7vk5e3vY1uw9plTHJAMwjN,54,"23.988.668 ascoltatori mensili",alanwalkermusic
"Alec Benjamin",80,3232459,https://open.spotify.com/artist/5IH6FPUwQTxPSXurCrcIov,21,"12.918.454 ascoltatori mensili",alecbenjamin
"Alejandro Fernández",81,5022792,https://open.spotify.com/artist/6sq1yF0OZEWA4xoXVKW1L9,5,"11.742.221 ascoltatori mensili",Nan
"Alejandro Sanz",79,5791132,https://open.spotify.com/artist/5sUrlPAHlS9NEirDB8SEbF,7,"10.620.776 ascoltatori mensili",alejandrosanz
"Alessia Cara",80,9839708,https://open.spotify.com/artist/2wUjUUtkb5lvLKcGKsKqsR,45,"18.317.909 ascoltatori mensili",alessiasmusic
Alesso,80,3751073,https://open.spotify.com/artist/4AVFqumd2ogHFlRbKIjp1t,97,"20.702.304 ascoltatori mensili",alesso
"Alexis y Fido",68,4061148,https://open.spotify.com/artist/7tU1VKOuxiNZwBZC6RHidA,2,"3.678.369 ascoltatori mensili",alexisyfido
"Alice In Chains",73,3724086,https://open.spotify.com/artist/64tNsm6TnZe2zpcMVMOoHL,25,"5.189.392 ascoltatori mensili",aliceinchains
"Alicia Keys",82,9408245,https://open.spotify.com/artist/3DiDSECUqqY1AuBP8qtaIa,80,"20.623.364 ascoltatori mensili",aliciakeys
"Alka Yagnik",77,4419853,https://open.spotify.com/artist/3gBKY0y3dFFVRqicLnVZYz,1,"7.673.693 ascoltatori mensili",therealalkayagnik
Alok,83,10989080,https://open.spotify.com/artist/0NGAZxHanS9e0iNHpR8f2W,97,"19.909.179 ascoltatori mensili",alok
"Amr Diab",63,3784279,https://open.spotify.com/artist/5abSRg0xN1NV3gLbuvX24M,7,"931.176 ascoltatori mensili",amrdiab
"Amy Winehouse",78,7654443,https://open.spotify.com/artist/6Q192DXotxtaysaqNPy5yR,44,"11.131.275 ascoltatori mensili",amywinehouse
"Anirudh Ravichander",78,7572240,https://open.spotify.com/artist/4zCH9qm4R2DADamUHMCa6O,1,"5.181.524 ascoltatori mensili",aniruddh.ravichander
Anitta,82,11073159,https://open.spotify.com/artist/7FNnA9vBm6EKceENgCGRMb,9,"17.636.239 ascoltatori mensili",anitta
Anne-Marie,82,9000082,https://open.spotify.com/artist/1zNqDE7qDGCsyzJwohVaoX,54,"22.169.894 ascoltatori mensili",annemarie
"Anuel AA",90,20130860,https://open.spotify.com/artist/2R21vXR83lH98kGeO99Y66,22,"25.752.123 ascoltatori mensili",anuel_aa_0fficial
Arcangel,86,7482554,https://open.spotify.com/artist/4SsVbpTthjScTS7U2hmr1X,5,"13.923.170 ascoltatori mensili",arcangel
"Arctic Monkeys",87,13552922,https://open.spotify.com/artist/7Ln80lUS6He07XvHI8qqHH,46,"22.088.916 ascoltatori mensili",arcticmonkeys
"Ariana Grande",94,74868007,https://open.spotify.com/artist/66CXWjxzNUsdJxJ2JdwvnR,99,"63.018.001 ascoltatori mensili",arianagrande
"Arijit Singh",87,40643687,https://open.spotify.com/artist/4YRxDV8wJFPHPTeXepOstw,4,"14.046.188 ascoltatori mensili",arijitsingh
"Armaan Malik",73,13359029,https://open.spotify.com/artist/4IKVDbCSBTxBeAsMKjAuTs,3,"6.439.982 ascoltatori mensili",armaanmalik
"Armin van Buuren",77,4035093,https://open.spotify.com/artist/0SfsnGyD8FpIN4U4WCkBZ5,43,"11.635.395 ascoltatori mensili",arminvanbuuren
"Atif Aslam",76,6590306,https://open.spotify.com/artist/2oSONSC9zQ4UonDKnLqksx,3,"7.325.394 ascoltatori mensili",atifaslam
Audioslave,71,3583815,https://open.spotify.com/artist/2ziB7fzrXBoh1HUPS6sVFn,15,"5.481.201 ascoltatori mensili",audioslave
"Ava Max",85,4763088,https://open.spotify.com/artist/4npEfmQ6YuiwW1GpUmaq3F,64,"35.512.105 ascoltatori mensili",avamax
"Avenged Sevenfold",76,5146654,https://open.spotify.com/artist/0nmQIMXWTXfhgOBdNzhGOs,20,"5.866.618 ascoltatori mensili",avengedsevenfold
Aventura,82,5341900,https://open.spotify.com/artist/1qto4hHid1P71emI6Fd8xi,30,"17.607.386 ascoltatori mensili",aventura
Avicii,84,21237935,https://open.spotify.com/artist/1vCWHaC5f2uS3yhpwWbIA6,79,"27.632.613 ascoltatori mensili",avicii
"Avril Lavigne",81,8277247,https://open.spotify.com/artist/0p4nmQO2msCgU4IF37Wi3j,63,"17.076.449 ascoltatori mensili",avrillavigne
"Aya Nakamura",74,3241802,https://open.spotify.com/artist/7IlRNXHjoOCgEAWN5qYksg,5,"7.131.634 ascoltatori mensili",ayanakamura_officiel
"Backstreet Boys",78,4286317,https://open.spotify.com/artist/5rSXSAkZ67PYJSvpUpkOr7,46,"14.011.310 ascoltatori mensili",backstreetboys
"Bad Bunny",98,42481449,https://open.spotify.com/artist/4q3ewBCX7sLwd24euuV69X,86,"45.009.777 ascoltatori mensili",badbunnypr
Badshah,78,16887790,https://open.spotify.com/artist/0y59o4v8uw5crbN9M3JiL1,5,"9.000.561 ascoltatori mensili",badboyshah
"Banda MS de Sergio Lizárraga",83,13700799,https://open.spotify.com/artist/2C6i0I5RiGzDKN9IAF8reh,3,"11.083.226 ascoltatori mensili",bandamsoficial
Bastille,79,4929541,https://open.spotify.com/artist/7EQ0qTo7fWT7DPxmxtSYEc,41,"18.481.337 ascoltatori mensili",bastilledan
Bazzi,78,4773813,https://open.spotify.com/artist/4GvEc3ANtPPjt1ZJllr5Zl,10,"13.800.732 ascoltatori mensili",bazzi
"Bebe Rexha",82,6983324,https://open.spotify.com/artist/64M6ah0SkkRsnPGtGiRAbb,22,"24.418.012 ascoltatori mensili",beberexha
"Becky G",82,10882710,https://open.spotify.com/artist/4obzFoKoKRHIphyHzJ35G3,22,"21.134.202 ascoltatori mensili",iambeckyg
"Bee Gees",80,5290146,https://open.spotify.com/artist/1LZEQNv7sE11VDY3SdxQeN,55,"17.463.592 ascoltatori mensili",beegees
Beyoncé,86,30105740,https://open.spotify.com/artist/6vWDO969PvNqNYHIOW5v0m,167,"32.749.468 ascoltatori mensili",beyonce
"Big Sean",83,9195574,https://open.spotify.com/artist/0c173mlxpT3dSFRgMO8XPh,25,"19.016.637 ascoltatori mensili",bigsean
BIGBANG,68,4634875,https://open.spotify.com/artist/4Kxlr1PRlDKEB0ekOCyHgX,16,"2.436.706 ascoltatori mensili",bigbangtheory
"Billie Eilish",93,55767092,https://open.spotify.com/artist/6qqNVTkY8uBg9cP3Jd7DAH,70,"49.796.958 ascoltatori mensili",billieeilish
"Billy Joel",79,4028186,https://open.spotify.com/artist/6zFYqv1mOsgBRQbae3JJ9e,68,"16.340.078 ascoltatori mensili",billyjoel
Birdy,74,3396368,https://open.spotify.com/artist/2WX2uTcsvV5OnS0inACecP,26,"8.229.852 ascoltatori mensili",freddy_birdy
Bizarrap,86,4385382,https://open.spotify.com/artist/716NhGYqD1jl2wI1Qkgq36,19,"15.422.696 ascoltatori mensili",bizarrap
"Black Eyed Peas",83,6374360,https://open.spotify.com/artist/1yxSLGMDHlW21z4YXirZDS,69,"30.310.774 ascoltatori mensili",blackeyedpeas
"Black Sabbath",75,5888587,https://open.spotify.com/artist/5M52tdBnJaKSvOpJGz8mfZ,27,"8.831.056 ascoltatori mensili",blacksabbath
blackbear,85,4544755,https://open.spotify.com/artist/2cFrymmkijnjDg9SS92EPM,8,"24.009.869 ascoltatori mensili",bear
BLACKPINK,84,27683333,https://open.spotify.com/artist/41MozSoPIsD1dJM0CLPjZF,47,"13.728.210 ascoltatori mensili",blackpinkofficial
"Blake Shelton",77,6223825,https://open.spotify.com/artist/1UTPBmNbXNTittyMJrNkvw,56,"7.628.195 ascoltatori mensili",blakeshelton
blink-182,79,6823203,https://open.spotify.com/artist/6FBDaR13swtiWwGhX1WQsP,49,"12.059.386 ascoltatori mensili",blink182
Blueface,75,4750269,https://open.spotify.com/artist/3Fl1V19tmjt57oBdxXKAjJ,5,"7.140.355 ascoltatori mensili",bluefacerap
"Bob Dylan",76,5486643,https://open.spotify.com/artist/74ASZWbe4lXaubB36ztrGX,61,"9.303.421 ascoltatori mensili",bobdylan
"Bob Marley & The Wailers",81,10274887,https://open.spotify.com/artist/2QsynagSdAqZj3U9HgDzjD,47,"12.713.856 ascoltatori mensili",bobmarley_the_legend
"Bon Iver",79,3139314,https://open.spotify.com/artist/4LEiUm1SRbFMgfqnQTwUbQ,42,"12.198.795 ascoltatori mensili",boniver
"Bon Jovi",80,10312729,https://open.spotify.com/artist/58lV9VcRSjABbAbfWS6skp,78,"19.157.318 ascoltatori mensili",bonjovi
"Breaking Benjamin",74,3827475,https://open.spotify.com/artist/5BtHciL0e0zOP7prIHn3pP,17,"5.087.722 ascoltatori mensili",breakingbenjamin
"Bring Me The Horizon",80,4211134,https://open.spotify.com/artist/1Ffb6ejR6Fe5IamqA5oRUF,41,"8.774.758 ascoltatori mensili",bringmethehorizon
"Britney Spears",84,10311116,https://open.spotify.com/artist/26dSoYclwsYLMAKD3tpOr4,79,"25.893.503 ascoltatori mensili",britneyspears
"Bruce Springsteen",79,4584297,https://open.spotify.com/artist/3eqjTLE0HfPfh78zjh6TqT,89,"16.901.307 ascoltatori mensili",springsteen
"Bruno Mars",92,37330889,https://open.spotify.com/artist/0du5cEVh5yTK9QJze8zA0C,175,"54.788.606 ascoltatori mensili",brunomars
"Bryant Myers",80,6092350,https://open.spotify.com/artist/6w9ToX5slZ4uIdmD17hJ3c,1,"7.495.778 ascoltatori mensili",bryanttmyers
"Bryson Tiller",82,5416187,https://open.spotify.com/artist/2EMAnMvWE2eb56ToJVfCWs,12,"11.004.805 ascoltatori mensili",brysontiller
Brytiago,78,4518364,https://open.spotify.com/artist/00XhexlJEXQstHimpZN910,1,"7.265.610 ascoltatori mensili",brytiago
BTS,96,44542535,https://open.spotify.com/artist/3Nrfpe0tUJi4K4DXYWgMUX,89,"42.879.798 ascoltatori mensili",bts.bighitofficial
"Cali Y El Dandee",76,3391781,https://open.spotify.com/artist/5DUlefCLzVRzNWaNURTFpK,1,"8.968.521 ascoltatori mensili",calidandee
"Calibre 50",83,6404447,https://open.spotify.com/artist/4jogXSSvlyMkODGSZ2wc2P,8,"11.615.106 ascoltatori mensili",calibre50oficial
"Calum Scott",82,3908715,https://open.spotify.com/artist/6ydoSd3N2mwgwBHtF6K7eX,29,"27.398.084 ascoltatori mensili",calumscott
"Calvin Harris",86,22447239,https://open.spotify.com/artist/7CajNmpbOovFoOoasH2HaY,86,"36.308.101 ascoltatori mensili",calvinharris
Camila,73,3289407,https://open.spotify.com/artist/2gRP1Ezbtj3qrERnd0XasU,2,"6.621.367 ascoltatori mensili",camila_giorgi_official
"Camila Cabello",85,25102696,https://open.spotify.com/artist/4nDoRrQiYLoBzwC5BhVJzF,36,"34.843.922 ascoltatori mensili",camila_cabello
Camilo,86,13483353,https://open.spotify.com/artist/28gNT5KBp7IjEOQoevXf9N,12,"21.896.642 ascoltatori mensili",camilo
"Capo Plaza",75,3119731,https://open.spotify.com/artist/5SulO4l40qDuV9zUGLZx7n,26,"3.060.537 ascoltatori mensili",capoplaza
"Cardi B",86,19022504,https://open.spotify.com/artist/4kYSro6naA4h99UJvo89HB,26,"30.368.954 ascoltatori mensili",iamcardib
"Carlos Rivera",77,3210171,https://open.spotify.com/artist/39yVoqm6sYFvvqF1RciUVf,4,"8.102.967 ascoltatori mensili",_carlosrivera
"Carlos Vives",79,4882466,https://open.spotify.com/artist/4vhNDa5ycK0ST968ek7kRr,3,"15.095.457 ascoltatori mensili",carlosvives
"Carly Rae Jepsen",75,4875030,https://open.spotify.com/artist/6sFIWsNpZYqfjUpaCgueju,35,"12.491.510 ascoltatori mensili",carlyraejepsen
"Carrie Underwood",75,4966121,https://open.spotify.com/artist/4xFUf1FHVy696Q1JQZMTRj,57,"7.934.172 ascoltatori mensili",carrieunderwood
"Cartel De Santa",80,9528926,https://open.spotify.com/artist/07PdYoE4jVRF6Ut40GgVSP,1,"5.688.544 ascoltatori mensili",carteldesantaoficial
"Céline Dion",79,5654885,https://open.spotify.com/artist/4S9EykWXhStSc15wEx8QFK,46,"13.750.898 ascoltatori mensili",celinedion
"Chance the Rapper",80,5528650,https://open.spotify.com/artist/1anyVhU62p31KFi8MEzkbf,7,"11.852.231 ascoltatori mensili",chancetherapper
"Charlie Puth",81,15017985,https://open.spotify.com/artist/6VuMaDnrHyPL1p4EHjYLi7,49,"24.419.545 ascoltatori mensili",charlieputh
Chayanne,74,5646386,https://open.spotify.com/artist/1JbemQ1fPt2YmSLjAFhPBv,2,"8.077.315 ascoltatori mensili",chayanne
"Chief Keef",78,3107493,https://open.spotify.com/artist/15iVAtD3s3FsQR4w1v6M0P,4,"7.939.389 ascoltatori mensili",chieffkeeffsossa
"Childish Gambino",80,8745695,https://open.spotify.com/artist/73sIBHcqh3Z3NyqHKZ7FOL,17,"15.213.946 ascoltatori mensili",childishgambino
"Chris Brown",90,15247661,https://open.spotify.com/artist/7bXgB6jMjp9ATFy66eO08Z,45,"37.875.292 ascoltatori mensili",chrisbrownofficial
"Chris Stapleton",81,3967371,https://open.spotify.com/artist/4YLtscXsxbVgi031ovDDdh,45,"11.799.849 ascoltatori mensili",chrisstapleton
"Christian Nodal",84,9732195,https://open.spotify.com/artist/0XwVARXT135rw8lyw1EeWP,5,"14.097.059 ascoltatori mensili",nodal
"Christina Aguilera",81,6673127,https://open.spotify.com/artist/1l7ZsJRRS8wlW3WfJfPfNS,66,"19.906.053 ascoltatori mensili",xtina
"Christina Perri",75,3200209,https://open.spotify.com/artist/7H55rcKCfwqkyDFH9wpKM6,21,"10.570.740 ascoltatori mensili",christinaperri
Ciara,73,5463811,https://open.spotify.com/artist/2NdeV5rLm47xAvogXrYhJX,18,"7.703.389 ascoltatori mensili",ciara
"Cigarettes After Sex",79,3119027,https://open.spotify.com/artist/1QAJqy2dA3ihHBFIHRphZj,14,"7.899.533 ascoltatori mensili",cigsaftersex
Clairo,81,3038557,https://open.spotify.com/artist/3l0CmX0FuQjFxr8SK7Vqag,30,"11.420.497 ascoltatori mensili",clairo
"Clean Bandit",80,4637635,https://open.spotify.com/artist/6MDME20pz9RveH9rEXvrOM,57,"22.598.767 ascoltatori mensili",cleanbandit
CNCO,74,8483228,https://open.spotify.com/artist/0eecdvMrqBftK0M1VKhaF4,8,"7.845.544 ascoltatori mensili",cncomusic
Coldplay,92,33690427,https://open.spotify.com/artist/4gzpq5DPGxSnKTe4SA8HAU,242,"59.625.594 ascoltatori mensili",coldplay
"Conan Gray",82,4791957,https://open.spotify.com/artist/4Uc8Dsxct0oMqx0P6i60ea,41,"17.369.880 ascoltatori mensili",conangray
"Creedence Clearwater Revival",80,4812747,https://open.spotify.com/artist/3IYUhFvPQItj6xySrBmZkd,57,"15.312.288 ascoltatori mensili",theofficialccr
DaBaby,89,8930524,https://open.spotify.com/artist/4r63FhuTkUYltbVAg5TQnk,43,"38.241.857 ascoltatori mensili",dababy
"Daddy Yankee",89,25538997,https://open.spotify.com/artist/4VMYDCV2IEDYJArk749S6m,18,"35.305.259 ascoltatori mensili",daddyyankee
Dadju,75,3875422,https://open.spotify.com/artist/4sbXXFzEWJY2zsZjelerjX,1,"4.759.119 ascoltatori mensili",dadju
"Daft Punk",82,8548483,https://open.spotify.com/artist/4tZwfgrHOc3mvqYlEYSvVi,46,"15.726.531 ascoltatori mensili",daftpunk
Dalex,82,3931998,https://open.spotify.com/artist/0KPX4Ucy9dk82uj4GpKesn,3,"14.316.623 ascoltatori mensili",dalexmusic
Damso,78,3374784,https://open.spotify.com/artist/2UwqpfQtNuhBwviIC0f2ie,1,"3.863.098 ascoltatori mensili",damsonidris
"Daniel Caesar",82,3065433,https://open.spotify.com/artist/20wkVLutqVOYrc0kxFs7rA,14,"22.761.834 ascoltatori mensili",danielcaesar
"Danna Paola",78,3471188,https://open.spotify.com/artist/5xSx2FM8mQnrfgM1QsHniB,3,"10.353.914 ascoltatori mensili",dannapaola
"Danny Ocean",79,3600951,https://open.spotify.com/artist/5H1nN1SzW0qNeUEZvuXjAj,3,"12.012.168 ascoltatori mensili",dannocean
"David Bisbal",74,3636422,https://open.spotify.com/artist/5gOJTI4TusSENizxhcG7jB,3,"7.414.599 ascoltatori mensili",davidbisbal
"David Bowie",82,7691563,https://open.spotify.com/artist/0oSGxfWSnnOXhD2fKuz2Gy,76,"17.139.021 ascoltatori mensili",davidbowie
"David Guetta",90,23723037,https://open.spotify.com/artist/1Cs0zKBU1kc0i8ypK3B9ai,131,"50.468.728 ascoltatori mensili",davidguetta
"De La Ghetto",81,5491707,https://open.spotify.com/artist/3EiLUeyEcA6fbRPSHkG5kb,2,"8.616.792 ascoltatori mensili",delaghetto
"December Avenue",65,4130392,https://open.spotify.com/artist/4qFxP3qN9GsnZDOkAE6x2m,2,"1.478.618 ascoltatori mensili",decemberavenue
"Deep Purple",71,4357532,https://open.spotify.com/artist/568ZhdwyaiCyOGJRtNYhWf,28,"6.230.570 ascoltatori mensili",deeppurple_official
"Def Leppard",72,3583743,https://open.spotify.com/artist/6H1RjVyNruCmrBEWRbD0VZ,33,"5.804.544 ascoltatori mensili",defleppard
"Demi Lovato",84,21449116,https://open.spotify.com/artist/6S2OmqARrzebs0tKUEyXyp,27,"26.294.296 ascoltatori mensili",ddlovato
"Depeche Mode",76,4436561,https://open.spotify.com/artist/762310PdDnwsDxAQxzQkfX,29,"9.161.020 ascoltatori mensili",depechemode
"Destiny's Child",75,5340266,https://open.spotify.com/artist/1Y8cdNmUJH7yBTd9yOvr5i,58,"12.899.565 ascoltatori mensili",destinyschild
"Devi Sri Prasad",72,4105485,https://open.spotify.com/artist/5sSzCxHtgL82pYDvx2QyEU,1,"7.477.905 ascoltatori mensili",thisisdsp
"Diljit Dosanjh",74,8945156,https://open.spotify.com/artist/2FKWNmZWDBZR4dE5KX4plR,2,"5.131.771 ascoltatori mensili",diljitdosanjh
"Dimitri Vegas & Like Mike",75,3164940,https://open.spotify.com/artist/73jBynjsVtofjRpdpRAJGk,25,"10.068.109 ascoltatori mensili",dimitrivegasandlikemike
"Dire Straits",78,5413986,https://open.spotify.com/artist/0WwSkZ7LtFUFjGjMZBMt6T,35,"13.346.852 ascoltatori mensili",direstraitshq
Disturbed,77,5235793,https://open.spotify.com/artist/3TOqt5oJwL9BE2NG9MEwDa,30,"8.630.480 ascoltatori mensili",disturbed
"DJ Khaled",81,6981434,https://open.spotify.com/artist/0QHgL1lAIqAw0HtD7YldmP,28,"24.072.191 ascoltatori mensili",djkhaled
"DJ Snake",83,7660408,https://open.spotify.com/artist/540vIaP2JwjQb9dm3aArA4,30,"30.102.012 ascoltatori mensili",djsnake
DMX,74,3073319,https://open.spotify.com/artist/1HwM5zlC5qNWhJtM00yXzG,13,"8.271.471 ascoltatori mensili",dmx
DNCE,70,4044961,https://open.spotify.com/artist/6T5tfhQCknKG4UnH90qGnz,5,"7.272.032 ascoltatori mensili",dnce
"Doja Cat",94,14703544,https://open.spotify.com/artist/5cj0lLjcoR7YOSnhnX0Po5,141,"56.617.252 ascoltatori mensili",Nan
"Don Omar",84,6477478,https://open.spotify.com/artist/33ScadVnbm2X8kkUqOkC6Z,17,"20.041.902 ascoltatori mensili",donomar
"Dr. Dre",82,6452400,https://open.spotify.com/artist/6DPYiyq5kWVQS4RGwxzPC7,13,"14.527.599 ascoltatori mensili",drdre
Drake,98,60337846,https://open.spotify.com/artist/3TVXtAsR1Inumwj472S9r4,226,"53.459.001 ascoltatori mensili",drake
"Dua Lipa",93,31552553,https://open.spotify.com/artist/6M2wZ9GZgrQXHCFfjv46we,102,"68.899.655 ascoltatori mensili",dualipa
Duki,87,5232920,https://open.spotify.com/artist/1bAftSH8umNcGZ0uyV7LMg,13,"16.345.833 ascoltatori mensili",dukissj
Duman,74,3270936,https://open.spotify.com/artist/6RTC1abMgBC7Krg6qJQHJh,2,"2.639.607 ascoltatori mensili",duman
Eagles,79,7614034,https://open.spotify.com/artist/0ECwFtbIWEVNwjlrfc6xoL,51,"17.965.817 ascoltatori mensili",eagles
"Earth, Wind & Fire",77,3286602,https://open.spotify.com/artist/4QQgXkCYTt3BlENzhyNETg,47,"15.289.852 ascoltatori mensili",earthwindandfire
Eazy-E,67,3598965,https://open.spotify.com/artist/7B4hKK0S9QYnaoqa9OuwgX,4,"3.004.436 ascoltatori mensili",eazye
"Ed Sheeran",96,91229618,https://open.spotify.com/artist/6eUKZXaKkcviH0Ku9w2n3V,470,"79.753.874 ascoltatori mensili",teddysphotos
"Electric Light Orchestra",74,3110109,https://open.spotify.com/artist/7jefIIksOi1EazgRTfW2Pk,16,"10.179.903 ascoltatori mensili",electric_light_orchestra_elo
"Ella Mai",73,4078640,https://open.spotify.com/artist/7HkdQ0gt53LP4zmHsL0nap,8,"5.761.350 ascoltatori mensili",ellamai
"Ellie Goulding",81,10395021,https://open.spotify.com/artist/0X2BH1fck6amBIoJhDVmmJ,51,"25.010.707 ascoltatori mensili",elliegoulding
"Elton John",90,8587547,https://open.spotify.com/artist/3PhoLpVuITZKcymswpck5b,265,"57.055.154 ascoltatori mensili",eltonjohn
"Elvis Presley",82,6218174,https://open.spotify.com/artist/43ZHCT0cAZBISjO8DG9PnE,86,"18.164.466 ascoltatori mensili",elvis
Eminem,93,51446135,https://open.spotify.com/artist/7dGJo4pcD2V6oG8kP0tJRR,57,"45.696.525 ascoltatori mensili",eminem
"Enrique Iglesias",80,10557669,https://open.spotify.com/artist/7qG3b048QCHVRO5Pv1T5lw,32,"17.554.653 ascoltatori mensili",enriqueiglesias
"Eric Church",75,3255655,https://open.spotify.com/artist/2IvkS5MXK0vPGnwyJsrEyV,40,"5.501.407 ascoltatori mensili",ericchurchmusic
"Eric Clapton",76,4678222,https://open.spotify.com/artist/6PAt558ZEZl0DmdXlnjMgD,47,"11.255.492 ascoltatori mensili",ericclapton
Evanescence,74,3297360,https://open.spotify.com/artist/5nGIFgo0shDenQYSE0Sn7c,22,"7.999.513 ascoltatori mensili",evanescenceofficial
EXO,75,8761999,https://open.spotify.com/artist/3cjEqqelV9zb4BYE3qDQ4O,62,"4.318.202 ascoltatori mensili",weareone.exo
Ezhel,76,4304288,https://open.spotify.com/artist/6LnJKrtFnTEGdbWQ2riWCL,2,"3.682.249 ascoltatori mensili",ezhel06
"Fall Out Boy",81,9261506,https://open.spotify.com/artist/4UXqAaa6dQYAk18Lv7PEgX,58,"17.580.871 ascoltatori mensili",falloutboy
Farruko,91,11932795,https://open.spotify.com/artist/329e4yvIujISKGKz1BZZbO,69,"44.724.960 ascoltatori mensili",farruko
Fergie,72,4811501,https://open.spotify.com/artist/3r17AfJCCUqC9Lf0OAc73G,24,"9.484.535 ascoltatori mensili",fergie
"Fetty Wap",75,4227318,https://open.spotify.com/artist/6PXS4YHDkKvl1wkIl4V8DL,12,"7.914.001 ascoltatori mensili",fettywap1738
"Fifth Harmony",73,13800273,https://open.spotify.com/artist/1l8Fu6IkuTP0U5QetQJ5Xt,21,"8.830.525 ascoltatori mensili",fifthharmony
"Five Finger Death Punch",77,5257981,https://open.spotify.com/artist/5t28BP42x2axFnqOOMg3CM,26,"5.208.032 ascoltatori mensili",5fdp
"Fleetwood Mac",83,7738743,https://open.spotify.com/artist/08GQAI4eElDnROBrJRGE0X,94,"22.261.158 ascoltatori mensili",fleetwooddmac
"Flo Rida",82,8385900,https://open.spotify.com/artist/0jnsk9HBra6NMjO2oANoPY,40,"22.444.479 ascoltatori mensili",official_flo
"Florence + The Machine",76,5755621,https://open.spotify.com/artist/1moxjboGR7GNWYIMWsRjgG,32,"10.633.714 ascoltatori mensili",florenceandthemachine
"Florida Georgia Line",79,4625765,https://open.spotify.com/artist/3b8QkneNDz4JHKKKlLgYZg,54,"11.274.040 ascoltatori mensili",floridageorgialine
"Foo Fighters",80,9461931,https://open.spotify.com/artist/7jy3rLJdDQY21OgRLCZ9sD,66,"13.288.460 ascoltatori mensili",foofighters
"Foster The People",76,3351701,https://open.spotify.com/artist/7gP3bB2nilZXLfPHJhMdvc,17,"12.060.407 ascoltatori mensili",fosterthepeople
"Franco De Vita",71,3534742,https://open.spotify.com/artist/4NEYQeEYBUjfaXgDQGvFvu,2,"5.271.566 ascoltatori mensili",francodevita
"Frank Ocean",86,8801148,https://open.spotify.com/artist/2h93pZq0e7k5yf4dywlkpM,51,"17.261.592 ascoltatori mensili",Nan
"Frank Sinatra",84,5327951,https://open.spotify.com/artist/1Mxqyy3pSjf8kZZL4QVxS0,117,"21.347.881 ascoltatori mensili",sinatra
"Freddie Mercury",64,5362468,https://open.spotify.com/artist/4M1FpEWs2PeYfJe7xxJfhH,2,"2.578.947 ascoltatori mensili",freddiemercury
"French Montana",80,4292766,https://open.spotify.com/artist/6vXTefBL93Dj5IqAWq6OTv,14,"13.801.431 ascoltatori mensili",frenchmontana
fun.,71,3494222,https://open.spotify.com/artist/5nCi3BB41mBaMH9gfr6Su0,22,"7.678.234 ascoltatori mensili",rick_as_s
Future,91,11047997,https://open.spotify.com/artist/1RyvyyTE3xzB2ZywiAwp0i,68,"31.843.485 ascoltatori mensili",future
G-Eazy,81,5000025,https://open.spotify.com/artist/02kJSzxNuaWGqwubyUba0Z,9,"16.477.105 ascoltatori mensili",g_eazy
"Gabriela Rocha",69,3074845,https://open.spotify.com/artist/4fdCGYM7dtJLa3LvR1ccto,1,"1.948.064 ascoltatori mensili",gabrielarocha77
Galantis,79,3180833,https://open.spotify.com/artist/4sTQVOfp9vEMCemLw50sbu,43,"18.391.847 ascoltatori mensili",wearegalantis
"George Ezra",74,3561630,https://open.spotify.com/artist/2ysnwxxNtSgbb9t1m2Ur4j,37,"10.086.463 ascoltatori mensili",george_ezra
"George Michael",77,3610966,https://open.spotify.com/artist/19ra5tSw0tWufvUp8GotLo,36,"17.019.214 ascoltatori mensili",georgemofficial
"Gerardo Ortiz",77,5586377,https://open.spotify.com/artist/4J13m9IZh03PEhoxAxRhXO,1,"6.869.801 ascoltatori mensili",gerarortiz
GIMS,76,3289034,https://open.spotify.com/artist/0GOx72r5AAEKRGQFn3xqXK,4,"6.428.603 ascoltatori mensili",gims
"girl in red",80,4465152,https://open.spotify.com/artist/3uwAm6vQy7kWPS2bciKWx9,23,"12.037.739 ascoltatori mensili",girlinred
"Gloria Trevi",74,3189429,https://open.spotify.com/artist/1Db5GsIoVWYktPoD2nnPZZ,4,"5.203.448 ascoltatori mensili",gloriatrevi
Gorillaz,82,8132275,https://open.spotify.com/artist/3AA28KZvwAUcZuOKwyblJQ,7,"15.326.889 ascoltatori mensili",gorillaz
GOT7,68,5579985,https://open.spotify.com/artist/6nfDaffa50mKtEOwR8g4df,10,"1.789.778 ascoltatori mensili",got7
Greeicy,74,4686127,https://open.spotify.com/artist/5dbaLmK5SHLLg8Z4CcTJpX,4,"6.753.883 ascoltatori mensili",greeicy
"Green Day",82,12947876,https://open.spotify.com/artist/7oPftvlwr6VrsViSDV7fJY,69,"19.102.110 ascoltatori mensili",greenday
"Grupo Firme",87,4327194,https://open.spotify.com/artist/1dKdetem2xEmjgvyymzytS,14,"11.561.725 ascoltatori mensili",grupofirme
"Gucci Mane",81,4139088,https://open.spotify.com/artist/13y7CgLHjMVRMDqxdx0Xdo,5,"11.154.049 ascoltatori mensili",laflare1017
Gunna,92,3844031,https://open.spotify.com/artist/2hlmm7s2ICUX0LVIhVFlZQ,71,"26.787.936 ascoltatori mensili",gunna
"Guns N' Roses",81,23217587,https://open.spotify.com/artist/3qm84nBOXUEQ2vnTfUTTFC,74,"20.010.276 ascoltatori mensili",gunsnroses
"Guru Randhawa",73,9351519,https://open.spotify.com/artist/5rQoBDKFnd1n6BkdbgVaRL,1,"6.495.016 ascoltatori mensili",gururandhawa
"Gusttavo Lima",85,14591251,https://open.spotify.com/artist/7MiDcPa6UiV3In7lIM71IN,4,"10.606.762 ascoltatori mensili",gusttavolima
"Gwen Stefani",79,5131994,https://open.spotify.com/artist/4yiQZ8tQPux8cPriYMWUFP,20,"16.227.521 ascoltatori mensili",gwenstefani
H.E.R.,80,4723620,https://open.spotify.com/artist/3Y7RZ31TRPVadSFVy1o8os,38,"12.545.805 ascoltatori mensili",hermusicofficial
Ha*Ash,74,5978896,https://open.spotify.com/artist/5xd2Tg7Zo8755eCy8Gxkp8,2,"4.972.672 ascoltatori mensili",haashoficial
"Hailee Steinfeld",76,7375537,https://open.spotify.com/artist/5p7f24Rk5HkUZsaS3BLG5F,26,"10.976.711 ascoltatori mensili",haileesteinfeld
Halsey,87,16879494,https://open.spotify.com/artist/26VFTg2z8YR0cCuwLzESi2,37,"38.320.113 ascoltatori mensili",iamhalsey
"Hannah Montana",67,3802844,https://open.spotify.com/artist/7nU4hB040gTmHm45YYMvqc,1,"3.223.080 ascoltatori mensili",hannahmontanastagram
Hardwell,69,3549859,https://open.spotify.com/artist/6BrvowZBreEkXzJQMpL174,9,"5.465.404 ascoltatori mensili",hardwell
"Harrdy Sandhu",72,3115037,https://open.spotify.com/artist/4ITkqBlf5eoVCOFwsJCnqo,2,"5.622.479 ascoltatori mensili",harrdysandhu
"Harry Styles",87,18620029,https://open.spotify.com/artist/6KImCVD70vtIoJWnq6nGn3,70,"32.843.415 ascoltatori mensili",harrystyles
"Henrique & Juliano",86,14189862,https://open.spotify.com/artist/3p7PcrEHaaKLJnPUGOtRlT,3,"9.673.403 ascoltatori mensili",henriqueejuliano
"Hillsong UNITED",73,3281437,https://open.spotify.com/artist/74cb3MG0x0BOnYNW1uXYnM,32,"3.747.386 ascoltatori mensili",hillsongunited
"Hillsong Worship",76,3609518,https://open.spotify.com/artist/3SgHzT552wy2W8pNLaLk24,48,"3.975.441 ascoltatori mensili",hillsongworship
Hozier,82,5015472,https://open.spotify.com/artist/2FXC3k01G6Gw61bmprjgqS,80,"22.220.122 ascoltatori mensili",hozier
"Ice Cube",77,5140849,https://open.spotify.com/artist/3Mcii5XWf6E0lrY3Uky4cA,13,"9.932.276 ascoltatori mensili",icecube
"Iggy Azalea",74,5842913,https://open.spotify.com/artist/5yG7ZAZafVaAlMTeBybKAL,13,"8.340.143 ascoltatori mensili",thenewclassic
iKON,66,3201608,https://open.spotify.com/artist/5qRSs6mvI17zrkJpOHkCoM,12,"2.269.854 ascoltatori mensili",j.ikone
"Imagine Dragons",92,37855454,https://open.spotify.com/artist/53XhwfbYqKCa1cC15pYq2q,160,"54.751.814 ascoltatori mensili",imaginedragons
"Iron Maiden",76,7045117,https://open.spotify.com/artist/6mdiAmATAx73kdxrNrnlao,33,"6.279.729 ascoltatori mensili",ironmaiden
ITZY,78,3434972,https://open.spotify.com/artist/2KC9Qb60EaY0kW4eH68vr3,43,"5.646.977 ascoltatori mensili",itzy.all.in.us
IU,77,6304620,https://open.spotify.com/artist/3HqSLMAZ3g3d5poNaI7GOU,47,"5.748.124 ascoltatori mensili",dlwlrma
"J Balvin",93,32002491,https://open.spotify.com/artist/1vyhD5VmyZ7KMfW5gqLgo5,72,"52.077.563 ascoltatori mensili",jbalvin
j-hope,65,8702293,https://open.spotify.com/artist/0b1sIQumIAsNbqAoIClSpy,3,"1.958.280 ascoltatori mensili",uarmyhope
"J. Cole",89,15601544,https://open.spotify.com/artist/6l3HvQ5sa6mXTsMTB19rO5,26,"26.031.047 ascoltatori mensili",thejcolebible
"Jack Johnson",78,3299296,https://open.spotify.com/artist/3GBPw9NK25X1Wt2OUvOwY3,29,"8.556.919 ascoltatori mensili",jackjohnson
"James Arthur",83,9213783,https://open.spotify.com/artist/4IWBUUAFIplrNtaOHcJPRM,110,"24.236.372 ascoltatori mensili",jamesarthur23
"James Bay",76,3547828,https://open.spotify.com/artist/4EzkuveR9pLvDVFNx6foYD,48,"12.610.479 ascoltatori mensili",jamesbaymusic
"Jason Aldean",78,4994499,https://open.spotify.com/artist/3FfvYsEGaIb52QPXhg4DcH,53,"7.074.682 ascoltatori mensili",jasonaldean
"Jason Derulo",85,10645883,https://open.spotify.com/artist/07YZf4WDAMNwqr4jfgOZ8y,74,"35.535.187 ascoltatori mensili",jasonderulo
"Jason Mraz",77,6470304,https://open.spotify.com/artist/4phGZZrJZRo4ElhRtViYdl,45,"13.563.697 ascoltatori mensili",jason_mraz
"Javed Ali",70,3241950,https://open.spotify.com/artist/4W91bbPB2CTSsHwt7eqNl7,1,"5.603.400 ascoltatori mensili",javedali4u
JAY-Z,86,6923594,https://open.spotify.com/artist/3nFkdlSjzX9mRTtwJOzDYB,82,"24.387.455 ascoltatori mensili",jayzz_official
"Jennifer Lopez",79,11247429,https://open.spotify.com/artist/2DlGxzQSjYe5N6G9nkYghR,60,"19.600.120 ascoltatori mensili",jlo
Jeremih,80,5504212,https://open.spotify.com/artist/3KV3p5EY4AvKxOlhGHORLg,10,"11.945.799 ascoltatori mensili",jeremih
"Jesse & Joy",77,5658170,https://open.spotify.com/artist/1mX1TWKpNxDSAH16LgDfiR,7,"8.991.597 ascoltatori mensili",jesseyjoy
"Jessie J",76,9493539,https://open.spotify.com/artist/2gsggkzM5R49q6jpPvazou,33,"14.662.916 ascoltatori mensili",jessiej
"Jhay Cortez",89,3344521,https://open.spotify.com/artist/0EFisYRi20PTADoJrifHrz,24,"26.345.186 ascoltatori mensili",jhayco.esp
"Jhené Aiko",81,5161609,https://open.spotify.com/artist/5ZS223C6JyBfXasXxrRqOk,13,"9.722.012 ascoltatori mensili",jheneaiko
"Jimi Hendrix",74,5408580,https://open.spotify.com/artist/776Uo845nYHJpNaStv1Ds4,42,"7.655.050 ascoltatori mensili",jimihendrix
"Joan Sebastian",79,6211520,https://open.spotify.com/artist/7FsRH5bw8iWpSbMX1G7xf1,3,"8.022.899 ascoltatori mensili",joansebastian
"Johann Sebastian Bach",81,3507649,https://open.spotify.com/artist/5aIqB5nVVvmFsvSdExz408,135,"7.301.451 ascoltatori mensili",bachclassicals
"John Legend",83,6072038,https://open.spotify.com/artist/5y2Xq6xcjJb2jVM54GHK3t,64,"24.683.333 ascoltatori mensili",johnlegend
"John Lennon",77,4652673,https://open.spotify.com/artist/4x1nvY2FN8jxqAFA0DA02H,17,"15.250.277 ascoltatori mensili",johnlennon
"John Mayer",82,5382464,https://open.spotify.com/artist/0hEurMDQu99nJRq8pTxO14,148,"14.101.776 ascoltatori mensili",johnmayer
"Johnny Cash",78,5108156,https://open.spotify.com/artist/6kACVPfCOnqzgfEF5ryl0x,67,"10.649.357 ascoltatori mensili",johnnycash
Joji,84,5344519,https://open.spotify.com/artist/3MZsBdqDrRTJihTHQrO6Dq,13,"14.596.083 ascoltatori mensili",sushitrash
"Jonas Blue",79,3456294,https://open.spotify.com/artist/1HBjj22wzbscIZ9sEb5dyf,56,"18.333.637 ascoltatori mensili",jonasblue
"Jonas Brothers",81,5922359,https://open.spotify.com/artist/7gOdHgIoIKoe4i9Tta6qdD,29,"21.588.434 ascoltatori mensili",jonasbrothers
"Jorge & Mateus",84,16028986,https://open.spotify.com/artist/1elUiq4X7pxej6FRlrEzjM,3,"9.501.665 ascoltatori mensili",jorgeemateussstatus
Journey,76,4050659,https://open.spotify.com/artist/0rvjqX7ttXeg3mTy8Xscbt,39,"12.935.939 ascoltatori mensili",graacesjourney
"Juan Gabriel",78,6109970,https://open.spotify.com/artist/2MRBDr0crHWE5JwPceFncq,3,"7.523.707 ascoltatori mensili",Nan
Juanes,77,3590415,https://open.spotify.com/artist/0UWZUmn7sybxMCqrw9tGa7,11,"11.183.157 ascoltatori mensili",juanes
Judika,66,3159250,https://open.spotify.com/artist/5fS7aONqrIhiw6YzgKVOsd,1,"2.287.885 ascoltatori mensili",jud1ka
"Juice WRLD",96,21909264,https://open.spotify.com/artist/4MCBfE4596Uoi2O4DtmEMz,38,"35.592.642 ascoltatori mensili",juicewrld999
Jul,84,4845967,https://open.spotify.com/artist/3IW7ScrzXmPvZhB27hmfgy,5,"5.031.770 ascoltatori mensili",juliafox
"Julia Michaels",80,4237014,https://open.spotify.com/artist/0ZED1XzwlLHW4ZaG4lOT6m,26,"18.289.126 ascoltatori mensili",juliamichaels
"Justin Bieber",96,55666879,https://open.spotify.com/artist/1uNFoZAHBGtllmzznpCI3s,226,"83.814.340 ascoltatori mensili",justinbieber
"Justin Quiles",88,3224718,https://open.spotify.com/artist/14zUHaJZo1mnYtn6IBRaRP,14,"20.987.200 ascoltatori mensili",jquiles
"Justin Timberlake",82,11605801,https://open.spotify.com/artist/31TPClRtHm23RisEBtV3X7,59,"23.504.980 ascoltatori mensili",justintimberlake
"Kane Brown",79,3841184,https://open.spotify.com/artist/3oSJ7TBVCWMDMiYjXNiCKE,35,"12.037.904 ascoltatori mensili",kanebrownfamily
"Kanye West",94,16182618,https://open.spotify.com/artist/5K4W6rqBFWDnAN6FQUkS6x,142,"44.974.370 ascoltatori mensili",kanyewest
"KAROL G",88,21245329,https://open.spotify.com/artist/790FomKkXshlbRYZFtlgla,24,"32.931.840 ascoltatori mensili",karolg
"Katy Perry",88,20411942,https://open.spotify.com/artist/6jJ0s89eD6GaHleKKya26X,157,"44.262.841 ascoltatori mensili",katyperry
Kehlani,80,5434666,https://open.spotify.com/artist/0cGUm45nv7Z6M6qdXYQGTX,17,"13.721.399 ascoltatori mensili",kehlani
"Keith Urban",74,4505711,https://open.spotify.com/artist/0u2FHSq3ln94y5Q57xazwf,53,"7.642.008 ascoltatori mensili",keithurban
"Kelly Clarkson",82,8389148,https://open.spotify.com/artist/3BmGtnKgCSGYIUhmivXKWX,62,"21.851.521 ascoltatori mensili",kellyclarkson
"Kendrick Lamar",90,19121556,https://open.spotify.com/artist/2YZyLoL8N0Wb9xBt1NhZWg,61,"30.458.080 ascoltatori mensili",kendricklamar
"Kenny Chesney",74,3738612,https://open.spotify.com/artist/3grHWM9bx2E9vwJCdlRv9O,52,"5.924.522 ascoltatori mensili",kennychesney
"Kenshi Yonezu",72,3522503,https://open.spotify.com/artist/1snhtMLeb2DYoMOcVbb8iB,1,"3.121.830 ascoltatori mensili",kenshi__yonezu
Kesha,80,6919965,https://open.spotify.com/artist/6LqNN22kT3074XbTVUrhzX,27,"16.952.374 ascoltatori mensili",iiswhoiis
Khalid,89,14801909,https://open.spotify.com/artist/6LuN9FCkKOj5PcnpouEgny,42,"44.127.967 ascoltatori mensili",thegr8khalid
"Kid Cudi",86,5461617,https://open.spotify.com/artist/0fA0VVWsXO9YnASrzqfmYu,14,"24.825.201 ascoltatori mensili",kidcudi
"Kings of Leon",77,4914412,https://open.spotify.com/artist/2qk9voo8llSGYcZ6xrBzKx,50,"11.444.561 ascoltatori mensili",kingsofleon
KISS,75,6728914,https://open.spotify.com/artist/07XSN3sPlIlB2L2XNcTwJw,40,"10.246.585 ascoltatori mensili",lesbian_kissing688
"Kodak Black",86,7688444,https://open.spotify.com/artist/46SHBwWsqBkxI7EeeBEQG7,23,"22.275.891 ascoltatori mensili",kodakblack
Korn,77,5190222,https://open.spotify.com/artist/3RNrq3jvMZxD9ZyoOZbQOD,43,"6.823.177 ascoltatori mensili",korn_official
Kygo,84,7867335,https://open.spotify.com/artist/23fqKkggKUBHNkbKtXEls4,80,"26.156.097 ascoltatori mensili",kygomusic
"La Adictiva Banda San José de Mesillas",73,3625370,https://open.spotify.com/artist/49EE6lVLgU8sp7dFgPshgM,1,"5.145.341 ascoltatori mensili",Nan
"La Arrolladora Banda El Limón De Rene Camacho",77,4619623,https://open.spotify.com/artist/5bSfBBCxY8QAk4Pifveisz,1,"5.681.072 ascoltatori mensili",Nan
"Lady A",73,3439689,https://open.spotify.com/artist/32WkQRZEVKSzVAAYqukAEA,55,"7.278.037 ascoltatori mensili",ladya
"Lady Gaga",87,20781414,https://open.spotify.com/artist/1HY2Jd0NmPuamShAr6KMms,165,"38.598.079 ascoltatori mensili",ladygaga
"Lana Del Rey",87,15091879,https://open.spotify.com/artist/00FQb4jTyendYWaN8pK0wa,44,"20.710.597 ascoltatori mensili",lanadelreypictures
LANY,79,4333251,https://open.spotify.com/artist/49tQo2QULno7gxHutgccqF,81,"10.295.983 ascoltatori mensili",thisislany
Lauv,81,4768701,https://open.spotify.com/artist/5JZ7CnR6gTvEMKX4g70Amv,28,"18.466.088 ascoltatori mensili",lauvsongs
"Led Zeppelin",80,11709861,https://open.spotify.com/artist/36QJpDe2go2KgaRleHCDTp,63,"15.587.944 ascoltatori mensili",ledzeppelin
"Leona Lewis",74,3102848,https://open.spotify.com/artist/5lKZWd6HiSCLfnDGrq9RAm,20,"10.835.714 ascoltatori mensili",leonalewis
"Lewis Capaldi",83,9134152,https://open.spotify.com/artist/4GNC7GD6oZMSxPGyXy4MNB,57,"22.966.067 ascoltatori mensili",lewiscapaldi
"Liam Payne",73,8960169,https://open.spotify.com/artist/5pUo3fmmHT8bhCyHE52hA6,4,"8.115.424 ascoltatori mensili",liampayne
"Lil Baby",92,9338058,https://open.spotify.com/artist/5f7VJjfbwm532GiveGC0ZK,21,"24.233.383 ascoltatori mensili",lilbaby
"Lil Durk",88,3494039,https://open.spotify.com/artist/3hcs9uc56yIGFCSy9leWe7,9,"20.447.656 ascoltatori mensili",lildurk
"Lil Mosey",77,4290219,https://open.spotify.com/artist/5zctI4wO9XSKS8XwcnqEHk,7,"10.060.688 ascoltatori mensili",lilmosey
"Lil Nas X",90,8995809,https://open.spotify.com/artist/7jVv8c5Fj3E9VhNjxT4snq,176,"52.923.269 ascoltatori mensili",lilnasx
"Lil Peep",87,8527776,https://open.spotify.com/artist/2kCcBybjl3SAtIcwdWpUe3,4,"12.845.128 ascoltatori mensili",lilpeep
"Lil Pump",72,7876562,https://open.spotify.com/artist/3wyVrVrFCkukjdVIdirGVY,4,"7.185.233 ascoltatori mensili",lilpump
"Lil Skies",77,4771481,https://open.spotify.com/artist/7d3WFRME3vBY2cgoP38RDo,1,"6.106.138 ascoltatori mensili",lilskies
"Lil Tecca",83,4728158,https://open.spotify.com/artist/4Ga1P7PMIsmqEZqhYZQgDo,15,"13.740.653 ascoltatori mensili",liltecca
"Lil Tjay",86,4466778,https://open.spotify.com/artist/6jGMq4yGs7aQzuGsMgVgZR,19,"16.464.939 ascoltatori mensili",lil_tjayig
"Lil Uzi Vert",90,12723382,https://open.spotify.com/artist/4O15NlyKLIASxsJ0PrXPfz,16,"21.309.434 ascoltatori mensili",liluzivert
"Lil Wayne",90,11433966,https://open.spotify.com/artist/55Aa2cqylxrFIXC767Z865,27,"29.317.060 ascoltatori mensili",liltunechi
"Lil Yachty",82,7762115,https://open.spotify.com/artist/6icQOAFXDZKsumw3YXyusw,3,"10.433.677 ascoltatori mensili",lilyachty
"Limp Bizkit",76,4532719,https://open.spotify.com/artist/165ZgPlLkK7bf5bDoFc6Sb,51,"8.324.369 ascoltatori mensili",limpbizkit
"Linkin Park",86,20949227,https://open.spotify.com/artist/6XyY86QOPPrYVGvF9ch6wz,52,"21.746.329 ascoltatori mensili",linkinpark
"Little Mix",83,9966407,https://open.spotify.com/artist/3e7awlrlDSwF3iM0WBjGMp,108,"23.229.802 ascoltatori mensili",littlemix
Lizzo,76,4322397,https://open.spotify.com/artist/56oDRnqbIiwx4mymNEv7dS,26,"12.350.298 ascoltatori mensili",lizzobeeating
LMFAO,70,3907177,https://open.spotify.com/artist/3sgFRtyBnxXD5ESfmbK4dl,13,"7.135.855 ascoltatori mensili",lmfao.fans
Logic,81,5605884,https://open.spotify.com/artist/4xRYI6VqpkE3UwrDrAZL8L,3,"11.487.944 ascoltatori mensili",logic
Lorde,81,8893815,https://open.spotify.com/artist/163tK9Wjr9P9DmM0AVK7lm,39,"15.921.368 ascoltatori mensili",lorde
"Los Ángeles Azules",80,5301819,https://open.spotify.com/artist/0ZCO8oVkMj897cKgFH7fRW,4,"10.916.343 ascoltatori mensili",angelesazulesmx
"Los Tigres Del Norte",78,3160774,https://open.spotify.com/artist/3hYtANQYrE6pd2PbtEyTIy,1,"7.216.636 ascoltatori mensili",lostigresdelnorte
"Luan Santana",76,5796873,https://open.spotify.com/artist/3qvcCP2J0fWi0m0uQDUf6r,3,"6.655.746 ascoltatori mensili",luansantana
LUDMILLA,75,4416546,https://open.spotify.com/artist/3CDoRporvSjdzTrm99a3gi,2,"6.744.987 ascoltatori mensili",ludmilla
"Ludwig van Beethoven",76,4266317,https://open.spotify.com/artist/2wOqMjp9TyABvtHdOSOTUS,121,"6.306.487 ascoltatori mensili",ludwig_van_beethoven.official
"Luis Fonsi",79,9978779,https://open.spotify.com/artist/4V8Sr092TqfHkfAA5fXXqG,13,"19.618.785 ascoltatori mensili",luisfonsi
"Luis Miguel",84,8699825,https://open.spotify.com/artist/2nszmSgqreHSdJA3zWPyrW,4,"11.174.038 ascoltatori mensili",lmxlm
"Luke Bryan",79,7015058,https://open.spotify.com/artist/0BvkDsjIUla7X0k6CSWh1I,70,"7.281.881 ascoltatori mensili",lukebryan
"Luke Combs",83,6061137,https://open.spotify.com/artist/718COspgdWOnwOFpJHRZHS,68,"9.650.495 ascoltatori mensili",lukecombs
Lunay,80,5900849,https://open.spotify.com/artist/47MpMsUfWtgyIIBEFOr4FE,5,"14.090.907 ascoltatori mensili",lunay
"Lynyrd Skynyrd",74,3833354,https://open.spotify.com/artist/4MVyzYMgTwdP7Z49wAZHx0,36,"10.673.639 ascoltatori mensili",skynyrd
"Mac Miller",87,6892584,https://open.spotify.com/artist/4LLpKhyESsyAXpc4laK94U,15,"17.143.236 ascoltatori mensili",macmiller
"Machine Gun Kelly",85,4290473,https://open.spotify.com/artist/6TIYQ3jFPwQSRmorSezPxX,29,"15.565.134 ascoltatori mensili",machinegunkelly
"Madison Beer",78,4332223,https://open.spotify.com/artist/2kRfqPViCqYdSGhYSM9R0Q,9,"12.835.774 ascoltatori mensili",madisonbeer
Madonna,80,5761144,https://open.spotify.com/artist/6tbjWDEIzxoDsBA1FuhfPW,141,"17.811.849 ascoltatori mensili",madonna
"Major Lazer",78,6258271,https://open.spotify.com/artist/738wLrAtLtCtFOLvQBXOXp,21,"19.766.315 ascoltatori mensili",majorlazer
Maluma,89,29285461,https://open.spotify.com/artist/1r4hJ1h58CWwUQe3MxPuau,34,"33.329.060 ascoltatori mensili",maluma
MAMAMOO,71,4959646,https://open.spotify.com/artist/0XATRDCYuuGhk0oE7C0o5G,15,"3.017.791 ascoltatori mensili",mamamoo_official
Maná,79,7311512,https://open.spotify.com/artist/7okwEbXzyT2VffBmyQBWLz,9,"10.809.103 ascoltatori mensili",manaoficial
Måneskin,84,5251446,https://open.spotify.com/artist/0lAWpj5szCSwM4rUMHYmrr,55,"27.079.668 ascoltatori mensili",Nan
"Manuel Turizo",83,8823002,https://open.spotify.com/artist/0tmwSHipWxN12fsoLcFU3B,8,"18.332.412 ascoltatori mensili",manuelturizo
"Marc Anthony",80,6634789,https://open.spotify.com/artist/4wLXwxDeWQ8mtUIRPxGiD6,13,"9.330.517 ascoltatori mensili",marcanthony
"Marco Antonio Solís",78,4714489,https://open.spotify.com/artist/3tJnB0s6c3oXPq1SCCavnd,4,"7.811.879 ascoltatori mensili",marcoantoniosolis_oficial
"Mariah Carey",85,7382395,https://open.spotify.com/artist/4iHNK0tOyZPYnBU7nGAgpQ,74,"30.774.752 ascoltatori mensili",mariahcarey
"Marília Mendonça",91,22508074,https://open.spotify.com/artist/1yR65psqiazQpeM79CcGh8,5,"12.199.347 ascoltatori mensili",mariliamendoncacantora
"Marilyn Manson",73,3576551,https://open.spotify.com/artist/2VYQTNDsvvKN9wmU5W7xpj,22,"5.324.161 ascoltatori mensili",marilynmanson
MARINA,78,3302924,https://open.spotify.com/artist/6CwfuxIqcltXDGjfZsMd9A,9,"10.023.696 ascoltatori mensili",marinadiguardo
"Maroon 5",89,34828939,https://open.spotify.com/artist/04gDigrS5kc9YWfZHwBETP,170,"47.354.845 ascoltatori mensili",maroon5
Marshmello,86,32955224,https://open.spotify.com/artist/64KEffDW9EtZ1y2vBYgq8T,47,"39.119.680 ascoltatori mensili",marshmellomusic
"Martin Garrix",81,15339583,https://open.spotify.com/artist/60d24wfXkVzDSfLS6hyCjZ,99,"21.492.748 ascoltatori mensili",martingarrix
"Marvin Gaye",76,4413984,https://open.spotify.com/artist/3koiLjNrgRTNbOwViDipeA,62,"12.793.321 ascoltatori mensili",officialmarvingayemusic
"Matheus & Kauan",79,9508110,https://open.spotify.com/artist/2Z0lRIqr997lIUiPtrpKCr,2,"8.214.994 ascoltatori mensili",matheusekauan
Matuê,78,4158212,https://open.spotify.com/artist/5nP8x4uEFjAAmDzwOEc9b8,3,"5.599.234 ascoltatori mensili",qgmatue
"Mau y Ricky",79,4450693,https://open.spotify.com/artist/2wkoKEfS6dXwThbyTnZWFU,4,"12.948.565 ascoltatori mensili",mauyricky
"Meek Mill",81,5772247,https://open.spotify.com/artist/20sxb77xiYeusSH8cVdatc,28,"14.158.863 ascoltatori mensili",meekmill
Megadeth,71,3771089,https://open.spotify.com/artist/1Yox196W7bzVNZI7RBaPnf,26,"3.361.823 ascoltatori mensili",megadeth
"Megan Thee Stallion",86,5865940,https://open.spotify.com/artist/181bsRPaVXVlUKXrxwZfHK,27,"31.759.045 ascoltatori mensili",theestallion
"Meghan Trainor",82,11124582,https://open.spotify.com/artist/6JL8zeS1NmiOftqZTRgdTz,33,"20.529.823 ascoltatori mensili",meghan_trainor
"Melanie Martinez",83,12529421,https://open.spotify.com/artist/63yrD80RY3RNEM2YDpUpO8,4,"12.293.136 ascoltatori mensili",littlebodybigheart
Metallica,84,20148871,https://open.spotify.com/artist/2ye2Wgw4gimLv2eAKyk1NB,115,"17.406.958 ascoltatori mensili",metallica
"Michael Bublé",87,4967947,https://open.spotify.com/artist/1GxkXlMwML1oSg5eLPiAz3,52,"22.670.421 ascoltatori mensili",michaelbuble
"Michael Jackson",85,21353912,https://open.spotify.com/artist/3fMbdgg4jU18AjLCKBhRSm,160,"27.997.849 ascoltatori mensili",michaeljackson
Migos,82,12066880,https://open.spotify.com/artist/6oMuImdp5ZcFhWP0ESe6mG,17,"17.484.786 ascoltatori mensili",migos
Miguel,80,3820878,https://open.spotify.com/artist/360IAlyVv4PCEVjgyMZrxK,38,"11.857.199 ascoltatori mensili",miguel
"Miley Cyrus",86,17128347,https://open.spotify.com/artist/5YGY8feqx7naU7z4HrwZM6,73,"35.847.170 ascoltatori mensili",mileycyrus
"Miranda Lambert",74,3011529,https://open.spotify.com/artist/66lH4jAE7pqPlOlzUKbwA0,60,"6.357.088 ascoltatori mensili",mirandalambert
Mithoon,72,3589155,https://open.spotify.com/artist/09UmIX92EUH9hAK4bxvHx6,1,"6.976.393 ascoltatori mensili",Nan
"Moira Dela Torre",69,6586883,https://open.spotify.com/artist/0rZRTXEmmPmx6gt92tBqIc,2,"2.525.290 ascoltatori mensili",moiradelatorre
"Mon Laferte",75,4055854,https://open.spotify.com/artist/4boI7bJtmB1L3b1cuL75Zr,2,"6.383.218 ascoltatori mensili",monlaferte
"Monsta X",73,4089470,https://open.spotify.com/artist/4TnGh5PKbSjpYqpIdlW5nz,14,"2.879.341 ascoltatori mensili",official_monsta_x
Morat,82,5078203,https://open.spotify.com/artist/5C4PDR4LnhZTbVnKWXuDKD,2,"8.679.565 ascoltatori mensili",alvaromorata
"Mötley Crüe",73,3698998,https://open.spotify.com/artist/0cc6vw3VN8YlIcvr1v7tBL,46,"6.019.250 ascoltatori mensili",motleycrue
Motörhead,69,3077205,https://open.spotify.com/artist/1DFr97A9HnbV3SKTJFu62M,22,"3.709.572 ascoltatori mensili",officialmotorhead
"Mumford & Sons",76,6216441,https://open.spotify.com/artist/3gd8FJtBJtkRxdfbTu19U2,46,"8.214.360 ascoltatori mensili",mumfordandsons
Muse,79,6828630,https://open.spotify.com/artist/12Chz98pHFMPJEknJQMWvI,49,"11.687.948 ascoltatori mensili",muse
"My Chemical Romance",80,6549605,https://open.spotify.com/artist/7FBcuc1gsnv6Y1nwFtNRCb,33,"11.357.924 ascoltatori mensili",mychemicalromance
"Myke Towers",91,7751470,https://open.spotify.com/artist/7iK8PXO48WeuP03g8YR51W,19,"27.709.046 ascoltatori mensili",myketowers
N.W.A.,69,3879218,https://open.spotify.com/artist/4EnEZVjo3w1cwcQYePccay,3,"4.344.711 ascoltatori mensili",nwa.fans
Nacho,71,4004312,https://open.spotify.com/artist/2ayNSoKPCRAfjp6hQ76hRu,1,"6.194.945 ascoltatori mensili",nacho
"Natalia Lafourcade",78,3058369,https://open.spotify.com/artist/1hcdI2N1023RvSwLzTtdsp,7,"9.202.336 ascoltatori mensili",natalialafourcade
"Natanael Cano",79,3419287,https://open.spotify.com/artist/0elWFr7TW8piilVRYJUe4P,1,"7.581.649 ascoltatori mensili",natanael_cano
"Natti Natasha",80,7208506,https://open.spotify.com/artist/1GDbiv3spRmZ1XdM1jQbT7,8,"16.568.689 ascoltatori mensili",nattinatasha
NCT,63,4217715,https://open.spotify.com/artist/48eO052eSDcn8aTxiv6QaG,5,"3.151.862 ascoltatori mensili",nct
"NCT 127",76,4966018,https://open.spotify.com/artist/7f4ignuCJhLXfZ9giKT7rH,9,"3.629.713 ascoltatori mensili",nct127
"NCT DREAM",74,4338091,https://open.spotify.com/artist/1gBUSTR3TyDdTVFIaQnc02,17,"3.036.391 ascoltatori mensili",nct_dream
"NCT U",74,3317844,https://open.spotify.com/artist/3paGCCtX1Xr4Gx53mSeZuQ,14,"2.505.646 ascoltatori mensili",nctuofficial
Ne-Yo,81,6787129,https://open.spotify.com/artist/21E3waRsmPlU7jZsS13rcj,13,"16.157.024 ascoltatori mensili",neyo
NF,84,6555132,https://open.spotify.com/artist/6fOMl44jA4Sp5b9PpYCkzz,1,"13.117.220 ascoltatori mensili",nfl
"Niall Horan",81,8138457,https://open.spotify.com/artist/1Hsdzj7Dlq2I7tHP7501T4,43,"15.672.102 ascoltatori mensili",niallhoran
"Nick Jonas",70,7861883,https://open.spotify.com/artist/4Rxn7Im3LGfyRkY2FlHhWi,13,"6.494.985 ascoltatori mensili",nickjonas
Nickelback,78,5510995,https://open.spotify.com/artist/6deZN1bslXzeGvOLaLMOIF,25,"10.555.552 ascoltatori mensili",nickelback
"Nicki Minaj",89,23810168,https://open.spotify.com/artist/0hCNtLu0JehylgoiP8L4Gh,41,"36.468.773 ascoltatori mensili",nickiminaj
"Nicky Jam",86,16073787,https://open.spotify.com/artist/1SupJlEpv7RS2tPNRaHViT,11,"23.681.315 ascoltatori mensili",nickyjam
Ninho,86,5482044,https://open.spotify.com/artist/6Te49r3A6f5BiIgBRxH7FH,14,"4.635.521 ascoltatori mensili",ninhosdt
Nirvana,83,14431624,https://open.spotify.com/artist/6olE6TJLqED3rqDCT0FyPh,58,"20.160.180 ascoltatori mensili",off1cial_nirvana
Niska,76,3993949,https://open.spotify.com/artist/7CUFPNi1TU8RowpnFRSsZV,1,"3.545.402 ascoltatori mensili",niska_officiel
"NLE Choppa",81,4060090,https://open.spotify.com/artist/0ErzCpIMyLcjPiwT4elrtZ,13,"10.198.144 ascoltatori mensili",nlechoppamusic
Oasis,79,6974542,https://open.spotify.com/artist/2DaxqgrOhkeH0fpeiQq2f4,43,"15.540.179 ascoltatori mensili",oasis
"Of Monsters and Men",73,3299402,https://open.spotify.com/artist/4dwdTW1Lfiq0cM8nBAqIIz,48,"7.397.812 ascoltatori mensili",ofmonstersandmen
"Official HIGE DANdism",75,4171537,https://open.spotify.com/artist/5Vo1hnCRmCM6M4thZCInCj,5,"4.048.140 ascoltatori mensili",official_hige_dandism_fanpage
"Olivia Rodrigo",91,12893816,https://open.spotify.com/artist/1McMsnEElThX1knmY4oliG,111,"44.841.141 ascoltatori mensili",oliviarodrigo
"Olly Murs",72,3113941,https://open.spotify.com/artist/3whuHq0yGx60atvA2RCVRW,9,"6.811.293 ascoltatori mensili",ollymurs
"One Direction",88,24562995,https://open.spotify.com/artist/4AK6F7OLvEQ5QYCBNiQWHq,125,"25.813.052 ascoltatori mensili",onedirection
"ONE OK ROCK",72,4217861,https://open.spotify.com/artist/7k73EtZwoPs516ZxE72KsO,2,"2.407.832 ascoltatori mensili",oneokrockofficial
OneRepublic,85,13032064,https://open.spotify.com/artist/5Pwc4xIPtQLFEnJriah9YJ,135,"31.554.989 ascoltatori mensili",onerepublic
Ozuna,90,30884284,https://open.spotify.com/artist/1i8SpTcr7yvPOmcqrbnVXY,22,"34.745.271 ascoltatori mensili",ozuna
"Ozzy Osbourne",74,3991117,https://open.spotify.com/artist/6ZLTlhejhndI4Rh53vYhrY,40,"6.783.520 ascoltatori mensili",ozzyosbourne
P!nk,84,12508684,https://open.spotify.com/artist/1KCSPY1glIKqW2TotWuXOR,95,"27.145.341 ascoltatori mensili",pink
"Pablo Alborán",78,4120994,https://open.spotify.com/artist/5M9Bb4adKAgrOFOhc05Y50,6,"10.247.302 ascoltatori mensili",pabloalboran
"Panic! At The Disco",81,11132068,https://open.spotify.com/artist/20JZFwl6HVl6yg8a4H3ZqK,29,"18.485.684 ascoltatori mensili",panicatthedisco
Pantera,70,3601989,https://open.spotify.com/artist/14pVkFUHDL207LzLHtSA18,20,"3.624.595 ascoltatori mensili",panteraofficial
"Papa Roach",76,4234436,https://open.spotify.com/artist/4RddZ3iHvSpGV4dvATac9X,48,"9.295.685 ascoltatori mensili",paparoach
Paramore,80,6638850,https://open.spotify.com/artist/74XFHRwlV6OrjEM0A2NCMF,31,"13.567.689 ascoltatori mensili",paramore
PARTYNEXTDOOR,80,3539644,https://open.spotify.com/artist/2HPaUgqeutzr3jx5a9WyDV,9,"13.270.772 ascoltatori mensili",partynextdoor
"Paul McCartney",77,3841807,https://open.spotify.com/artist/4STHEaNw4mPZ2tzheohgXB,58,"16.158.498 ascoltatori mensili",paulmccartney
"Paulo Londra",80,14593829,https://open.spotify.com/artist/3vQ0GE3mI0dAaxIMYe5g7z,2,"9.455.266 ascoltatori mensili",paulolondra
"Pearl Jam",78,7262866,https://open.spotify.com/artist/1w5Kfo2jwwIPruYS2UWh56,54,"10.575.289 ascoltatori mensili",pearljam
Pentatonix,80,3204228,https://open.spotify.com/artist/26AHtbjWKiwYzsoGoUZq53,21,"8.723.739 ascoltatori mensili",ptxofficial
"Pepe Aguilar",74,3262781,https://open.spotify.com/artist/03Yb3iBy9GCifXiATEFcit,1,"5.665.599 ascoltatori mensili",pepeaguilar_oficial
"Pharrell Williams",82,3778997,https://open.spotify.com/artist/2RdwBSPQiwcmiDo9kixcl8,15,"17.032.684 ascoltatori mensili",pharrellwilliamsupdates
"Phil Collins",79,4251775,https://open.spotify.com/artist/4lxfqrEsLX6N1N4OCSkILp,43,"16.098.100 ascoltatori mensili",officialphilcollins
"Pink Floyd",82,16218879,https://open.spotify.com/artist/0k17h0D3J5VfsdmQ1iZtE9,157,"14.228.084 ascoltatori mensili",pinkfloyd
"Piso 21",77,7765162,https://open.spotify.com/artist/4bw2Am3p9ji3mYsXNXtQcd,5,"12.080.473 ascoltatori mensili",piso21
Pitbull,86,9029777,https://open.spotify.com/artist/0TnOYISbd1XYRBk9myaseg,64,"28.387.499 ascoltatori mensili",pitbull
"Playboi Carti",88,5916553,https://open.spotify.com/artist/699OTQXzgjhIYAHMy9RyPD,15,"16.246.565 ascoltatori mensili",playboicarti
"PnB Rock",76,3217149,https://open.spotify.com/artist/21WS9wngs9AqFckK7yYJPM,7,"6.347.790 ascoltatori mensili",pnbrock
"Polo G",91,6472898,https://open.spotify.com/artist/6AgTAQt8XS6jRWi4sX7w49,27,"31.682.100 ascoltatori mensili",polo.capalot
"Pop Smoke",89,8947138,https://open.spotify.com/artist/0eDvMgVFoNV3TpwtrVCoTj,44,"24.884.054 ascoltatori mensili",popsmokedaily
"Post Malone",92,35624628,https://open.spotify.com/artist/246dkjvS1zLTtiykXe5h60,75,"49.506.910 ascoltatori mensili",postmalone
Prince,74,5786828,https://open.spotify.com/artist/5a2EaR3hamoenG9rDuVn8j,177,"9.900.102 ascoltatori mensili",prince27
"Prince Royce",79,6684865,https://open.spotify.com/artist/3MHaV05u0io8fQbZ2XPtlC,7,"13.481.561 ascoltatori mensili",princeroyce
Pritam,84,3469921,https://open.spotify.com/artist/1wRPtKGflJrBx9BmLsSwlU,1,"12.120.233 ascoltatori mensili",Nan
Quavo,82,5455062,https://open.spotify.com/artist/0VRj0yCOv2FXJNP47XQnx5,2,"7.332.388 ascoltatori mensili",quavohuncho
Queen,88,39246480,https://open.spotify.com/artist/1dfeR4HaWDbWqFHLkxsg1d,71,"40.519.731 ascoltatori mensili",officialqueenmusic
R.E.M.,76,3348251,https://open.spotify.com/artist/4KWTAlx2RvbpseOGMEmROg,39,"12.481.738 ascoltatori mensili",r.e.m.beauty
Radiohead,81,6722734,https://open.spotify.com/artist/4Z8W4fKeB5YxbusRsdQVPb,45,"14.152.155 ascoltatori mensili",radiohead
"Rae Sremmurd",78,6714880,https://open.spotify.com/artist/7iZtZyCzp3LItcw1wtPI3D,6,"12.843.449 ascoltatori mensili",raesremmurd
"Rage Against The Machine",74,4661095,https://open.spotify.com/artist/2d0hyoQ5ynDBnkvAbJKORj,35,"7.588.287 ascoltatori mensili",rageagainstthemachine
Rammstein,79,6745219,https://open.spotify.com/artist/6wWVKhxIU2cEi0K81v7HvP,30,"6.778.987 ascoltatori mensili",rammsteinofficial
"Rascal Flatts",73,3043902,https://open.spotify.com/artist/0a1gHP0HAqALbEyxaD5Ngn,37,"7.266.985 ascoltatori mensili",rascalflatts
"Rauw Alejandro",93,8955654,https://open.spotify.com/artist/1mcTU81TzQhprhouKaTkpq,63,"35.141.115 ascoltatori mensili",rauwalejandro
"Red Hot Chili Peppers",84,17383613,https://open.spotify.com/artist/0L8ExT028jH3ddEcZwqJJ5,67,"21.922.413 ascoltatori mensili",chilipeppers
"Red Velvet",75,6400182,https://open.spotify.com/artist/1z4g3DjTBBZKhvAroFlhOM,26,"5.127.242 ascoltatori mensili",Nan
Reik,83,6773704,https://open.spotify.com/artist/0vR2qb8m9WHeZ5ByCbimq2,17,"18.651.958 ascoltatori mensili",reikmx
"Rex Orange County",80,3598012,https://open.spotify.com/artist/7pbDxGE6nQSZVfiFdq9lOL,19,"10.915.591 ascoltatori mensili",rexorangecounty
"Ricardo Arjona",79,7945405,https://open.spotify.com/artist/0h1zs4CTlU9D2QtgPxptUD,3,"6.528.742 ascoltatori mensili",ricardoarjona
"Ricardo Montaner",73,4423964,https://open.spotify.com/artist/4uoz4FUMvpeyGClFTTDBsD,8,"6.262.932 ascoltatori mensili",montaner
"Rick Ross",82,5499360,https://open.spotify.com/artist/1sBkRIssrMs1AbVkOJbc7a,18,"12.370.814 ascoltatori mensili",richforever
"Ricky Martin",78,6376077,https://open.spotify.com/artist/7slfeZO9LsJbWgpkIoXBUJ,18,"14.031.026 ascoltatori mensili",ricky_martin
Rihanna,91,46748239,https://open.spotify.com/artist/5pKCCKE2ajJHZ9KAiaK11H,191,"45.721.100 ascoltatori mensili",rihannaofficlal
"Rita Ora",79,7181756,https://open.spotify.com/artist/5CCwRZC6euC8Odo6y9X8jr,41,"15.870.052 ascoltatori mensili",ritaora
RM,68,8187081,https://open.spotify.com/artist/2auC28zjQyVTsiZKNgPRGs,4,"2.002.230 ascoltatori mensili",rkive
"Rod Stewart",78,3310724,https://open.spotify.com/artist/2y8Jo9CKhJvtfeKOsYzRdT,48,"12.379.710 ascoltatori mensili",sirrodstewart
"Roddy Ricch",87,7414013,https://open.spotify.com/artist/757aE44tKEUQEqRuT6GnEB,34,"20.987.642 ascoltatori mensili",roddyricch
"Romeo Santos",83,14012868,https://open.spotify.com/artist/5lwmRuXgjX8xIwlnauTZIP,7,"13.808.295 ascoltatori mensili",romeosantos
ROSALÍA,82,4985302,https://open.spotify.com/artist/7ltDVBr6mKbRvohxheJ9h1,18,"21.409.194 ascoltatori mensili",rosalia.vt
Russ,81,4230664,https://open.spotify.com/artist/1z7b1Pr1rSlvWRzsW3HOrS,14,"11.745.995 ascoltatori mensili",russ
"Sabrina Carpenter",75,3939317,https://open.spotify.com/artist/74KM79TiuVKeVCqs8QtB0B,5,"10.171.361 ascoltatori mensili",sabrinacarpenter
"Sam Smith",87,18577566,https://open.spotify.com/artist/2wY79sveU1sp5g7SokKOiI,106,"35.459.106 ascoltatori mensili",samsmith
"Santa Fe Klan",84,3580344,https://open.spotify.com/artist/4tm8CEdm4pkQsEh4jIr9Yp,7,"9.249.699 ascoltatori mensili",santa_fe_klan_473
"ScHoolboy Q",78,4002777,https://open.spotify.com/artist/5IcR3N7QB1j6KBL8eImZ8m,5,"9.118.210 ascoltatori mensili",groovyq
Scorpions,76,5253670,https://open.spotify.com/artist/27T030eWyCQRmDyuvr1kxY,43,"10.811.792 ascoltatori mensili",scorpions
"Sean Paul",84,3729219,https://open.spotify.com/artist/3Isy6kedDrgPYoTS1dazA9,38,"24.660.187 ascoltatori mensili",duttypaul
"Sebastian Yatra",87,17950539,https://open.spotify.com/artist/07YUOmWljBTXwIseAUd9TW,43,"28.483.934 ascoltatori mensili",sebastianyatra
Sech,89,9993798,https://open.spotify.com/artist/77ziqFxp5gaInVrF2lj4ht,23,"24.393.110 ascoltatori mensili",sechmusic
"Selena Gomez",86,32606466,https://open.spotify.com/artist/0C8ZW7ezQVs4URX5aX7Kqx,35,"33.954.020 ascoltatori mensili",selenagomez
"Selena Gomez & The Scene",72,7238382,https://open.spotify.com/artist/6dJeKm76NjfXBNTpHmOhfO,8,"8.943.907 ascoltatori mensili",selena_gomez_fans_club
SEVENTEEN,79,6270913,https://open.spotify.com/artist/7nqOGRxlXj7N2JYbgNEjYH,28,"3.640.411 ascoltatori mensili",seventeen
"Sfera Ebbasta",80,4624745,https://open.spotify.com/artist/23TFHmajVfBtlRx5MXqgoz,27,"5.058.439 ascoltatori mensili",sferaebbasta
Shakira,85,22984447,https://open.spotify.com/artist/0EmeFodog0BfCgMzAIvKQp,54,"32.579.780 ascoltatori mensili",shakira
"Shawn Mendes",89,36172259,https://open.spotify.com/artist/7n2wHs1TKAczGzO7Dd2rGr,143,"45.966.288 ascoltatori mensili",shawnmendes
Shinedown,73,3272645,https://open.spotify.com/artist/70BYFdaZbEKbeauJ670ysI,25,"4.797.229 ascoltatori mensili",shinedown
Sia,89,22079880,https://open.spotify.com/artist/5WUlDfRSoLAfcVSX1WnrxN,38,"42.205.674 ascoltatori mensili",siamusic
"Simon & Garfunkel",75,3869298,https://open.spotify.com/artist/70cRZdQywnSFp9pnc2WTCE,46,"9.234.838 ascoltatori mensili",simonandgarfunkel_
"Simone & Simaria",70,5130463,https://open.spotify.com/artist/0MInKJqZscEeNc5K3K0mkE,1,"4.765.595 ascoltatori mensili",simoneesimaria
"Simple Plan",72,3055463,https://open.spotify.com/artist/2p4FqHnazRucYQHyDCdBrJ,15,"6.339.209 ascoltatori mensili",simpleplan
"Sin Bandera",72,4300248,https://open.spotify.com/artist/7xeM7V59cA1X8GKyKKQV87,9,"5.060.557 ascoltatori mensili",sinbandera
"Ski Mask The Slump God",81,4735404,https://open.spotify.com/artist/2rhFzFmezpnW82MNqEKVry,2,"10.466.040 ascoltatori mensili",skiimasktheslumppgodd
Skillet,77,4143154,https://open.spotify.com/artist/49bzE5vRBRIota4qeHtQM8,42,"6.394.030 ascoltatori mensili",skilletmusic
Skrillex,81,7963111,https://open.spotify.com/artist/5he5w2lnU9x7JFhnwcekXX,19,"22.045.838 ascoltatori mensili",skrillex
Slipknot,80,7970609,https://open.spotify.com/artist/05fG473iIaoy82BF1aGhL8,39,"7.826.286 ascoltatori mensili",slipknot
"Snoop Dogg",85,7624722,https://open.spotify.com/artist/7hJcb9fa4alzcOq3EaNPoG,23,"20.598.623 ascoltatori mensili",snoopdogg
"Sơn Tùng M-TP",60,3039677,https://open.spotify.com/artist/5dfZ5uSmzR7VQK0udbAVpf,2,"521.403 ascoltatori mensili",sontungmtp
Soundgarden,70,3367135,https://open.spotify.com/artist/5xUf6j4upBrXZPg6AI4MRK,26,"4.983.393 ascoltatori mensili",soundgarden
"Steve Aoki",78,3623153,https://open.spotify.com/artist/77AiFEVeAVj2ORpC85QVJs,20,"16.191.182 ascoltatori mensili",steveaoki
"Stevie Wonder",80,5445794,https://open.spotify.com/artist/7guDJrEfX3qb6FEbdPA5qi,122,"19.669.138 ascoltatori mensili",steviewonderlegacy
"Stray Kids",83,6803181,https://open.spotify.com/artist/2dIgFjalVxs4ThymZ67YCE,33,"6.292.853 ascoltatori mensili",Nan
"Sum 41",73,3297074,https://open.spotify.com/artist/0qT79UgT5tY4yudH9VfsdT,22,"6.310.838 ascoltatori mensili",sum41
"Summer Walker",83,3105561,https://open.spotify.com/artist/57LYzLEk2LcFghVwuWbcuS,29,"14.892.046 ascoltatori mensili",summerwalker
"Sunidhi Chauhan",74,7949623,https://open.spotify.com/artist/3eDT9fwXKuHWFvgZaaYC5v,1,"7.560.745 ascoltatori mensili",sunidhichauhan5
"Swedish House Mafia",80,3473392,https://open.spotify.com/artist/1h6Cn3P4NGzXbaXidqURXs,72,"19.795.953 ascoltatori mensili",swedishhousemafia
"System Of A Down",80,7855146,https://open.spotify.com/artist/5eAWCfyUhZtHHtBdNk56l1,33,"10.272.381 ascoltatori mensili",systemofadown
SZA,88,7023341,https://open.spotify.com/artist/7tYKF4w9nC0nq9CsPZTHyP,48,"39.247.697 ascoltatori mensili",sza
T-Pain,81,3633178,https://open.spotify.com/artist/3aQeKQSyrW4qWr35idm0cy,17,"10.206.128 ascoltatori mensili",tpain
T.I.,78,4031483,https://open.spotify.com/artist/4OBJLual30L7gRl5UkeRcT,32,"8.926.066 ascoltatori mensili",troubleman31
"Tame Impala",81,5347482,https://open.spotify.com/artist/5INjqkS1o8h1imAzPqGZBb,42,"14.699.792 ascoltatori mensili",tameimpala
"Taylor Swift",98,48139668,https://open.spotify.com/artist/06HL4z0CvFAxyc27GXpf02,218,"55.030.297 ascoltatori mensili",taylorswift
Thalia,74,3727650,https://open.spotify.com/artist/23wEWD21D4TPYiJugoXmYb,6,"8.584.865 ascoltatori mensili",thalia
"Thaman S",70,3070129,https://open.spotify.com/artist/2FgHPfRprDaylrSRVf1UlN,1,"4.486.323 ascoltatori mensili",thamannahotbody
"The 1975",78,5322404,https://open.spotify.com/artist/3mIj9lX2MWuHmhNCA7LSCW,36,"9.411.507 ascoltatori mensili",the1975
"The Beach Boys",77,3476097,https://open.spotify.com/artist/3oDbviiivRWhXwIE8hxkVV,87,"12.415.444 ascoltatori mensili",thebeachboys
"The Beatles",89,21731099,https://open.spotify.com/artist/3WrFJ7ztbogyGnTHbHJFl2,457,"25.335.883 ascoltatori mensili",thebeatles
"The Black Keys",73,3609405,https://open.spotify.com/artist/7mnBLXK823vNxN3UWB7Gfz,44,"6.323.483 ascoltatori mensili",theblackkeys
"The Chainsmokers",83,18713444,https://open.spotify.com/artist/69GGBxA162lTqCwzJG5jLp,50,"28.365.131 ascoltatori mensili",thechainsmokers
"The Cure",77,3533380,https://open.spotify.com/artist/7bu3H8JO7d0UbMoVzbo70s,47,"10.983.344 ascoltatori mensili",thecure
"The Doors",76,6412682,https://open.spotify.com/artist/22WZ7M8sxp5THdruNY3gXt,38,"8.684.959 ascoltatori mensili",thedoors
"The Fray",73,3530915,https://open.spotify.com/artist/0zOcE3mg9nS6l3yxt1Y0bK,25,"8.213.292 ascoltatori mensili",thefray
"The Game",78,3766805,https://open.spotify.com/artist/0NbfKEOTQCcwd6o7wSDOHI,31,"12.433.851 ascoltatori mensili",losangelesconfidential
"The Kid LAROI",89,3221157,https://open.spotify.com/artist/2tIP7SsRs7vjIcLrU85W8J,118,"51.207.766 ascoltatori mensili",thekidlaroi
"The Killers",80,6356392,https://open.spotify.com/artist/0C0XlULifJtAgn6ZNCW2eu,69,"18.054.661 ascoltatori mensili",thekillers
"The Lumineers",81,4577196,https://open.spotify.com/artist/16oZKvXb6WkQlVAjwo2Wbg,94,"14.648.864 ascoltatori mensili",thelumineers
"The Neighbourhood",88,7847865,https://open.spotify.com/artist/77SW9BnxLY8rJ0RciFqkHh,98,"24.850.112 ascoltatori mensili",Nan
"The Notorious B.I.G.",81,7162972,https://open.spotify.com/artist/5me0Irg2ANcsgc93uaYrpb,26,"14.829.986 ascoltatori mensili",thenotoriousbig
"The Offspring",78,4504704,https://open.spotify.com/artist/5LfGQac0EIXyAN8aUwmNAQ,43,"11.647.087 ascoltatori mensili",offspring
"The Police",78,4681858,https://open.spotify.com/artist/5NGO30tJxFlKixkPSgXcFE,43,"16.839.610 ascoltatori mensili",thepolicebandofficial
"The Pussycat Dolls",73,4807258,https://open.spotify.com/artist/6wPhSqRtPu1UhRCDX5yaDJ,18,"8.954.709 ascoltatori mensili",pussycatdolls
"The Rolling Stones",81,11275814,https://open.spotify.com/artist/22bE4uQ6baNwSHPVcDxLCe,115,"19.892.447 ascoltatori mensili",therollingstones
"The Script",77,7072987,https://open.spotify.com/artist/3AQRLZ9PuTAozP28Skbq8V,28,"13.350.568 ascoltatori mensili",thescriptofficial
"The Smashing Pumpkins",74,3709911,https://open.spotify.com/artist/40Yq4vzPs9VNUrIBG5Jr2i,37,"7.616.864 ascoltatori mensili",smashingpumpkins
"The Strokes",79,4141945,https://open.spotify.com/artist/0epOFNiUfyON9EYx7Tpr6V,38,"9.648.043 ascoltatori mensili",thestrokes
"The Vamps",75,4946716,https://open.spotify.com/artist/7gAppWoH7pcYmphCVTXkzs,14,"10.681.168 ascoltatori mensili",thevamps
"The Weeknd",100,40967589,https://open.spotify.com/artist/1Xyo4u8uXC1ZmMpatF05PJ,302,"85.667.564 ascoltatori mensili",theweeknd
"The Who",72,4366064,https://open.spotify.com/artist/67ea9eGLXYMsO2eYQRui3w,42,"7.214.723 ascoltatori mensili",officialthewho
"The xx",70,3799131,https://open.spotify.com/artist/3iOvXCl6edW5Um0fXEBRXy,10,"4.300.533 ascoltatori mensili",thexx
"Thirty Seconds To Mars",71,3151563,https://open.spotify.com/artist/0RqtSIYZmd4fiBKVFqyIqD,24,"5.318.723 ascoltatori mensili",30secondstomars
"Thomas Rhett",77,4010617,https://open.spotify.com/artist/6x2LnllRG5uGarZMsD4iO8,61,"8.551.715 ascoltatori mensili",thomasrhettakins
"Three Days Grace",77,4970905,https://open.spotify.com/artist/2xiIXseIJcq3nG7C8fHeBj,24,"7.683.280 ascoltatori mensili",threedaysgraceofficial
Tiësto,87,6146768,https://open.spotify.com/artist/2o5jDhtHVPhrJdv3cEQ99Z,121,"39.436.107 ascoltatori mensili",tiesto
"Tim McGraw",75,3843595,https://open.spotify.com/artist/6roFdX1y5BYSbp60OTJWMd,68,"6.420.929 ascoltatori mensili",thetimmcgraw
TINI,82,3743960,https://open.spotify.com/artist/7vXDAI8JwjW531ouMGbfcp,17,"14.954.790 ascoltatori mensili",tinistoessel
"TOMORROW X TOGETHER",80,5427530,https://open.spotify.com/artist/0ghlgldX5Dd6720Q3qFyQB,32,"5.461.652 ascoltatori mensili",txt_bighit
"Toni Braxton",67,3018327,https://open.spotify.com/artist/3X458ddYA2YcVWuVIGGOYe,16,"3.755.079 ascoltatori mensili",tonibraxton
"Tony Kakkar",67,3461162,https://open.spotify.com/artist/0NZtn1Kyq08alpHCTRf3dv,1,"3.824.485 ascoltatori mensili",tonykakkar
"Tory Lanez",84,4168595,https://open.spotify.com/artist/2jku7tDXc6XoB6MO2hFuqg,6,"14.628.418 ascoltatori mensili",torylanez
Train,77,3918093,https://open.spotify.com/artist/3FUY2gzHeIiaesXtOAdB7A,49,"15.514.720 ascoltatori mensili",train
"Travis Scott",92,19584504,https://open.spotify.com/artist/0Y5tJX1MQlPlqiwlOH1tJY,34,"39.775.841 ascoltatori mensili",travisscott
"Trey Songz",75,6346047,https://open.spotify.com/artist/2iojnBLj0qIMiKPvVhLnsH,9,"7.094.620 ascoltatori mensili",treysongz
"Trippie Redd",88,7130717,https://open.spotify.com/artist/6Xgp2XMz1fhVYe7i6yNAax,19,"19.917.863 ascoltatori mensili",trippieredd
"Troye Sivan",80,6346032,https://open.spotify.com/artist/3WGpXCj9YhhfX11TToZcXP,29,"18.691.998 ascoltatori mensili",troyesivan
"Twenty One Pilots",85,21802180,https://open.spotify.com/artist/3YQKmKGau1PzlVlkL1iodx,28,"19.108.005 ascoltatori mensili",twentyonepilots
TWICE,86,12092311,https://open.spotify.com/artist/7n2Ycct7Beij7Dj7meI4X0,88,"10.487.009 ascoltatori mensili",twicetagram
"Ty Dolla $ign",87,4078344,https://open.spotify.com/artist/7c0XG5cIJTrrAgEC3ULPiq,12,"29.881.862 ascoltatori mensili",tydollasign
Tyga,84,6446907,https://open.spotify.com/artist/5LHRHt1k9lMyONurDHEdrp,14,"24.859.320 ascoltatori mensili",tyga
"Tyler, The Creator",89,7792637,https://open.spotify.com/artist/4V8LLVI7PbaPR0K2TGSxFF,21,"22.287.856 ascoltatori mensili",feliciathegoat
U2,81,9294786,https://open.spotify.com/artist/51Blml2LZPmy7TTiAg47vQ,180,"17.722.384 ascoltatori mensili",u2
Usher,82,9370019,https://open.spotify.com/artist/23zg3TcAtWQy7J6upgbUnj,49,"21.416.273 ascoltatori mensili",usher
V,75,5510240,https://open.spotify.com/artist/3JsHnjpbhX4SnySpvpa9DK,17,"4.776.193 ascoltatori mensili",vallibeatrice
"Van Halen",75,4471517,https://open.spotify.com/artist/2cnMpRsOVqtPMfq7YiFE6K,60,"9.491.922 ascoltatori mensili",vanhalen
"Vicente Fernández",83,5938910,https://open.spotify.com/artist/4PPoI9LuYeFX8V674Z1R6l,2,"8.424.069 ascoltatori mensili",_vicentefdez
Wale,76,3454093,https://open.spotify.com/artist/67nwj3Y5sZQLl72VNUHEYE,21,"7.599.333 ascoltatori mensili",wale
"Wesley Safadão",79,10461083,https://open.spotify.com/artist/1AL2GKpmRrKXkYIcASuRFa,1,"8.471.543 ascoltatori mensili",wesleysafadao
"Whitney Houston",80,7520288,https://open.spotify.com/artist/6XpaIBNiVzIetEPCWDvAFP,81,"21.926.482 ascoltatori mensili",whitneyhouston
"Why Don't We",76,3073798,https://open.spotify.com/artist/2jnIB6XdLvnJUeNTy5A0J2,11,"10.081.798 ascoltatori mensili",whydontwemusic
will.i.am,76,3656647,https://open.spotify.com/artist/085pc2PYOi8bGKj0PNjekA,18,"8.273.057 ascoltatori mensili",will.i.am
Wisin,83,7432185,https://open.spotify.com/artist/3E6xrwgnVfYCrCs0ePERDz,13,"16.778.109 ascoltatori mensili",wisin
"Wisin & Yandel",81,4980213,https://open.spotify.com/artist/1wZtkThiXbVNtj6hee6dz9,7,"12.926.934 ascoltatori mensili",wisin_yandelfcecu
"Wiz Khalifa",86,10352095,https://open.spotify.com/artist/137W8MRPWKqSmrBGDBFSop,21,"26.373.858 ascoltatori mensili",wiz_khalifa_stoned
"Wolfgang Amadeus Mozart",79,4420243,https://open.spotify.com/artist/4NJhFmfw43RLBLjQvxDuRS,117,"6.068.826 ascoltatori mensili",mozartclassics
XXXTENTACION,91,34000246,https://open.spotify.com/artist/15UsOTVnJzReFVN1VCnxy4,4,"28.145.537 ascoltatori mensili",xxxtentacion
Yandel,80,5569811,https://open.spotify.com/artist/0eHQ9o50hj6ZDNBt6Ys1sD,1,"12.346.333 ascoltatori mensili",yandel
"YNW Melly",79,7076401,https://open.spotify.com/artist/1cNDP5yjU5vjeR8qMf4grg,5,"10.180.264 ascoltatori mensili",ynwmelly
"Yo Gotti",72,3599356,https://open.spotify.com/artist/6Ha4aES39QiVjR0L2lwuwq,2,"5.374.498 ascoltatori mensili",yogotti
YOASOBI,80,3137581,https://open.spotify.com/artist/64tJ2EAv1R6UaZqc4iOCyj,7,"5.521.507 ascoltatori mensili",yoasobi.yoasobi
"Young Thug",90,6894570,https://open.spotify.com/artist/50co4Is1HCEo8bhOyUWKpn,20,"27.589.421 ascoltatori mensili",youngthugaspaintings
"YoungBoy Never Broke Again",87,8110155,https://open.spotify.com/artist/7wlFDEWiM5OoIAt8RSli8b,9,"15.358.612 ascoltatori mensili",youngboy__never__broke_again
"Zara Larsson",78,9650036,https://open.spotify.com/artist/1Xylc3o4UrD53lo9CvFvVg,38,"13.604.001 ascoltatori mensili",zaralarsson
ZAYN,81,18623507,https://open.spotify.com/artist/5ZsFI1h6hIdQRw2ti0hz81,27,"19.753.579 ascoltatori mensili",zayn
"Zé Neto & Cristiano",82,15554073,https://open.spotify.com/artist/487N2T9nIPEHrlTZLL3SQs,2,"8.800.876 ascoltatori mensili",zenetoecristiano
Zedd,79,5660375,https://open.spotify.com/artist/2qxJFvFYMEDqd7ui6kSAcq,21,"15.799.225 ascoltatori mensili",zedd
Zendaya,73,3104277,https://open.spotify.com/artist/6sCbFbEjbYepqswM1vWjjs,4,"8.861.119 ascoltatori mensili",zendaya
"Zion & Lennox",82,5993922,https://open.spotify.com/artist/21451j1KhjAiaYKflxBjr1,5,"17.109.223 ascoltatori mensili",zionylennox
"ZZ Top",72,3402458,https://open.spotify.com/artist/2AM4ilv6UzW0uMRuqKtDgN,30,"6.859.695 ascoltatori mensili",zztop
